역번호,역사명,노선번호,노선명,역위도(y좌표),역경도(x좌표),역사도로명주소
100,동매역,S2601,부산도시철도 1호선,35.048621,128.965908,부산광역시 사하구 신산로 지하 168
99,장림역,S2601,부산도시철도 1호선,35.057419,128.971279,부산광역시 사하구 다대로 지하 230
98,신장림역,S2601,부산도시철도 1호선,35.065265,128.979873,부산광역시 사하구 다대로 지하 310
97,낫개역,S2601,부산도시철도 1호선,35.074433,128.977041,부산광역시 사하구 다대로 지하 422
96,다대포항역,S2601,부산도시철도 1호선,35.081631,128.977636,부산광역시 사하구 다대로 지하 548
95,다대포해수욕장,S2601,부산도시철도 1호선,35.089951,128.973971,부산광역시 사하구 다대로 지하 692
101,신평역,S2601,부산도시철도 1호선,35.095179,128.960564,부산광역시 사하구 하신번영로 140
110,자갈치역,S2601,부산도시철도 1호선,35.097372,129.02667,부산광역시 중구 구덕로 지하 80
111,남포역,S2601,부산도시철도 1호선,35.097953,129.034869,부산광역시 중구 구덕로 지하 12
105,괴정역,S2601,부산도시철도 1호선,35.099816,128.992144,부산광역시 사하구 낙동대로 지하 221
104,사하역,S2601,부산도시철도 1호선,35.099847,128.9831,부산광역시 사하구 낙동대로 지하 309
109,토성역,S2601,부산도시철도 1호선,35.100727,129.019776,부산광역시 서구 구덕로 지하 170
106,대티역,S2601,부산도시철도 1호선,35.103126,128.999936,부산광역시 사하구 낙동대로 지하 141
103,당리역,S2601,부산도시철도 1호선,35.103532,128.973846,부산광역시 사하구 낙동대로 지하 405
112,중앙역,S2601,부산도시철도 1호선,35.103837,129.036371,부산광역시 중구 중앙대로 지하 83
102,하단역,S2601,부산도시철도 1호선,35.10618,128.966803,부산광역시 사하구 낙동남로 지하 1415
100,녹동역,S2901,광주도시철도 1호선,35.107028,126.933932,광주광역시 동구 녹동길 45(용산동)
108,동대신역,S2601,부산도시철도 1호선,35.110452,129.017684,부산광역시 서구 구덕로 지하 290
107,서대신역,S2601,부산도시철도 1호선,35.110937,129.012178,부산광역시 서구 대영로 지하 1
113,부산역,S2601,부산도시철도 1호선,35.115224,129.0397,부산광역시 동구 중앙대로 지하 200
114,초량역,S2601,부산도시철도 1호선,35.121168,129.043039,부산광역시 동구 중앙대로 지하 264
101,소태역,S2901,광주도시철도 1호선,35.124108,126.932013,광주광역시 동구 남문로 지하 587(소태동)
119,평동역,S2901,광주도시철도 1호선,35.1245829,126.769586,광주광역시 광산구 평동로 870(월전동)
115,부산진역,S2601,부산도시철도 1호선,35.127787,129.047894,부산광역시 동구 중앙대로 지하 350
118,도산역,S2901,광주도시철도 1호선,35.131713,126.787942,광주광역시 광산구 상무대로 지하 125-99(도산동)
102,학동증심사입구역,S2901,광주도시철도 1호선,35.133023,126.928382,광주광역시 동구 남문로 지하 700(학동)
116,좌천역,S2601,부산도시철도 1호선,35.134361,129.054455,부산광역시 동구 중앙대로 지하 446
214,못골역,S2602,부산도시철도 2호선,35.134731,129.084415,부산광역시 남구 수영로 지하 170
214,못골역,S2602,부산도시철도 2호선,35.134731,129.084415,부산광역시 남구 수영로 지하 170
213,대연역,S2602,부산도시철도 2호선,35.135153,129.092161,부산광역시 남구 수영로 지하 242
213,대연역,S2602,부산도시철도 2호선,35.135153,129.092161,부산광역시 남구 수영로 지하 242
215,지게골역,S2602,부산도시철도 2호선,35.135574,129.074365,부산광역시 남구 수영로 지하 70
215,지게골역,S2602,부산도시철도 2호선,35.135574,129.074365,부산광역시 남구 수영로 지하 70
117,광주송정역,S2901,광주도시철도 1호선,35.137529,126.791488,광주광역시 광산구 상무대로 지하 201-99(송정동)
421,송정역,k0211,동해선,35.137559,126.791535,부산광역시 해운대구 송정동 299-2
212,경성대부경대역,S2602,부산도시철도 2호선,35.137585,129.100548,부산광역시 남구 수영로 지하 324
212,경성대부경대역,S2602,부산도시철도 2호선,35.137585,129.100548,부산광역시 남구 수영로 지하 324
216,문현역,S2602,부산도시철도 2호선,35.139151,129.067399,부산광역시 남구 전포대로 지하 17
216,문현역,S2602,부산도시철도 2호선,35.139151,129.067399,부산광역시 남구 전포대로 지하 17
117,범일역,S2601,부산도시철도 1호선,35.140952,129.059352,부산광역시 동구 범일로 지하 108
211,남천역,S2602,부산도시철도 2호선,35.142139,129.107978,부산광역시 수영구 수영로 지하 410
211,남천역,S2602,부산도시철도 2호선,35.142139,129.107978,부산광역시 수영구 수영로 지하 410
114,김대중컨벤션센터(마륵)역,S2901,광주도시철도 1호선,35.143214,126.841442,광주광역시 서구 상무대로 지하 705(마륵동)
116,송정공원역,S2901,광주도시철도 1호선,35.143565,126.799245,광주광역시 광산구 상무대로 지하 314-99(송정동)
115,공항역,S2901,광주도시철도 1호선,35.144179,126.8112104,광주광역시 광산구 상무대로 지하 416-99(신촌동)
104,문화전당역(구도청),S2901,광주도시철도 1호선,35.144698,126.9196731,광주광역시 동구 문화전당로 26번길 지하 7(광산동)
217,국제금융센터부산은행역,S2602,부산도시철도 2호선,35.145817,129.066755,부산광역시 남구 전포대로 지하 97
217,국제금융센터부산은행역,S2602,부산도시철도 2호선,35.145817,129.066755,부산광역시 남구 전포대로 지하 97
113,상무역,S2901,광주도시철도 1호선,35.146784,126.848641,광주광역시 서구 상무대로 지하 777(마륵동)
118,범내골역,S2601,부산도시철도 1호선,35.1474,129.059261,부산광역시 부산진구 중앙대로 지하 612
103,남광주역,S2901,광주도시철도 1호선,35.1478534,126.921807,광주광역시 동구 제봉로 지하 14(학동)
210,금련산역,S2602,부산도시철도 2호선,35.149771,129.110961,부산광역시 수영구 수영로 지하 482
210,금련산역,S2602,부산도시철도 2호선,35.149771,129.110961,부산광역시 수영구 수영로 지하 482
110,화정역,S2901,광주도시철도 1호선,35.150381,126.877698,광주광역시 서구 상무대로 지하 1041(화정동)
112,운천역,S2901,광주도시철도 1호선,35.150486,126.858694,광주광역시 서구 상무대로 지하 883(쌍촌동)
225,주례역,S2602,부산도시철도 2호선,35.150508,129.003077,부산광역시 사상구 가야대로 지하 292
225,주례역,S2602,부산도시철도 2호선,35.150508,129.003077,부산광역시 사상구 가야대로 지하 292
105,금남로4가역,S2901,광주도시철도 1호선,35.150976,126.914446,광주광역시 동구 금남로 지하 210(금남로4가)
224,냉정역,S2602,부산도시철도 2호선,35.151254,129.012255,부산광역시 사상구 가야대로 지하 362-1
224,냉정역,S2602,부산도시철도 2호선,35.151254,129.012255,부산광역시 사상구 가야대로 지하 362-1
111,쌍촌역,S2901,광주도시철도 1호선,35.151793,126.869519,광주광역시 서구 상무대로 지하 983(쌍촌동)
108,돌고개역,S2901,광주도시철도 1호선,35.152047,126.895637,광주광역시 서구 경열로 지하 87(농성동)
218,전포역,S2602,부산도시철도 2호선,35.153102,129.065374,부산광역시 부산진구 전포대로 지하 181
218,전포역,S2602,부산도시철도 2호선,35.153102,129.065374,부산광역시 부산진구 전포대로 지하 181
223,개금역,S2602,부산도시철도 2호선,35.153284,129.020533,부산광역시 부산진구 가야대로 지하 442
223,개금역,S2602,부산도시철도 2호선,35.153284,129.020533,부산광역시 부산진구 가야대로 지하 442
109,농성역,S2901,광주도시철도 1호선,35.153563,126.883973,광주광역시 서구 상무대로 지하 1123(농성동)
106,금남로5가역,S2901,광주도시철도 1호선,35.1537137,126.910933,광주광역시 북구 금남로 지하 138(북동)
222,동의대역,S2602,부산도시철도 2호선,35.153986,129.03275,부산광역시 부산진구 가야대로 지하 554
222,동의대역,S2602,부산도시철도 2호선,35.153986,129.03275,부산광역시 부산진구 가야대로 지하 554
107,양동시장역,S2901,광주도시철도 1호선,35.154176,126.904489,광주광역시 서구 경열로 지하 152(양동)
226,감전역,S2602,부산도시철도 2호선,35.155528,128.991146,부산광역시 사상구 사상로 지하 93-1
226,감전역,S2602,부산도시철도 2호선,35.155528,128.991146,부산광역시 사상구 사상로 지하 93-1
221,가야역,S2602,부산도시철도 2호선,35.155883,129.042817,부산광역시 부산진구 가야대로 지하 650
221,가야역,S2602,부산도시철도 2호선,35.155883,129.042817,부산광역시 부산진구 가야대로 지하 650
220,부암역,S2602,부산도시철도 2호선,35.157444,129.050185,부산광역시 부산진구 가야대로 지하 719
220,부암역,S2602,부산도시철도 2호선,35.157444,129.050185,부산광역시 부산진구 가야대로 지하 719
219,서면역(2호선),S2602,부산도시철도 2호선,35.15774,129.059084,부산광역시 부산진구 중앙대로 지하 730
219,서면역(2호선),S2602,부산도시철도 2호선,35.15774,129.059084,부산광역시 부산진구 중앙대로 지하 730
209,광안역,S2602,부산도시철도 2호선,35.157916,129.113168,부산광역시 수영구 수영로 지하 576
209,광안역,S2602,부산도시철도 2호선,35.157916,129.113168,부산광역시 수영구 수영로 지하 576
119,서면역(1호선),S2601,부산도시철도 1호선,35.158282,129.059556,부산광역시 부산진구 중앙대로 지하 730
204,동백역,S2602,부산도시철도 2호선,35.161484,129.147897,부산광역시 해운대구 해운대로 지하 522
204,동백역,S2602,부산도시철도 2호선,35.161484,129.147897,부산광역시 해운대구 해운대로 지하 522
101,사상역,L4801,부산-김해경전철,35.162305,128.985784,부산광역시 사상구 광장로 83
122,사상역,L4801,부산-김해경전철,35.162305,128.985784,부산광역시 사상구 광장로 83
227,사상역,S2602,부산도시철도 2호선,35.162361,128.984621,부산광역시 사상구 사상로 지하 203
227,사상역,S2602,부산도시철도 2호선,35.162361,128.984621,부산광역시 사상구 사상로 지하 203
120,부전역,S2601,부산도시철도 1호선,35.162587,129.062952,부산광역시 부산진구 중앙대로 지하 786
102,괘법르네시떼역,L4801,부산-김해경전철,35.16331,128.977737,부산광역시 사상구 광장로 9번
102,괘법르네시떼역,L4801,부산-김해경전철,35.163311,128.977737,부산광역시 사상구 광장로 9번
203,해운대역,S2602,부산도시철도 2호선,35.163672,129.158908,부산광역시 해운대구 해운대로 지하 626
203,해운대역,S2602,부산도시철도 2호선,35.163672,129.158908,부산광역시 해운대구 해운대로 지하 626
410,부전역,k0211,동해선,35.164668,129.06011,부산광역시 부산진구 부전동 280-76
208,수영역,S2602,부산도시철도 2호선,35.165227,129.114713,부산광역시 수영구 수영로 지하 677
208,수영역,S2602,부산도시철도 2호선,35.165227,129.114713,부산광역시 수영구 수영로 지하 677
103,서부산유통지구역,L4801,부산-김해경전철,35.166435,128.954807,부산광역시 강서구 유통단지 1로 57번길 7번
103,서부산유통지구역,L4801,부산-김해경전철,35.166435,128.954807,부산광역시 강서구 유통단지 1로 57번길 7번
2020,중동역,S2602,부산도시철도 2호선,35.1667,129.168604,부산광역시 해운대구 해운대로 지하 730
2020,중동역,S2602,부산도시철도 2호선,35.1667,129.168604,부산광역시 해운대구 해운대로 지하 730
207,민락역,S2602,부산도시철도 2호선,35.167228,129.121909,부산광역시 수영구 수영로 지하 769
207,민락역,S2602,부산도시철도 2호선,35.167228,129.121909,부산광역시 수영구 수영로 지하 769
301,수영역(3호선),S2603,부산도시철도 3호선,35.167753,129.11459,부산광역시 수영구 수영로 지하 677
206,센텀시티역,S2602,부산도시철도 2호선,35.168827,129.131745,부산광역시 해운대구 센텀남대로 지하 76
206,센텀시티역,S2602,부산도시철도 2호선,35.168827,129.131745,부산광역시 해운대구 센텀남대로 지하 76
205,시립미술관역,S2602,부산도시철도 2호선,35.168844,129.138933,부산광역시 해운대구 해운대로 지하 396
205,시립미술관역,S2602,부산도시철도 2호선,35.168844,129.138933,부산광역시 해운대구 해운대로 지하 396
418,센텀역,k0211,동해선,35.168921,129.131659,부산광역시 해운대구 우동 1215-32
419,벡스코역,k0211,동해선,35.16899,129.13868,부산광역시 해운대구 우동 1111-2
201,장산역,S2602,부산도시철도 2호선,35.169914,129.176986,부산광역시 해운대구 해운대로 지하 820
201,장산역,S2602,부산도시철도 2호선,35.169914,129.176986,부산광역시 해운대구 해운대로 지하 820
302,망미역,S2603,부산도시철도 3호선,35.171528,129.108225,부산광역시 수영구 연수로 지하 337
104,공항역,L4801,부산-김해경전철,35.171929,128.948574,부산광역시 강서구 공항진입로 165
104,공항역,L4801,부산-김해경전철,35.171929,128.948574,부산광역시 강서구 공항진입로 165
121,양정역,S2601,부산도시철도 1호선,35.173122,129.071366,부산광역시 부산진구 중앙대로 지하 930
303,배산역,S2603,부산도시철도 3호선,35.173504,129.095498,부산광역시 연제구 연수로 지하 229
228,덕포역,S2602,부산도시철도 2호선,35.173754,128.983955,부산광역시 사상구 사상로 지하 320-1
228,덕포역,S2602,부산도시철도 2호선,35.173754,128.983955,부산광역시 사상구 사상로 지하 320-1
304,물만골역,S2603,부산도시철도 3호선,35.176808,129.085748,부산광역시 연제구 월드컵대로 지하 23
122,시청역,S2601,부산도시철도 1호선,35.179837,129.076642,부산광역시 연제구 중앙대로 지하 1017
229,모덕역,S2602,부산도시철도 2호선,35.180366,128.985621,부산광역시 사상구 사상로 지하 409
229,모덕역,S2602,부산도시철도 2호선,35.180366,128.985621,부산광역시 사상구 사상로 지하 409
420,신해운대역,k0211,동해선,35.181832,129.176696,부산광역시 해운대구 좌동 138-4
105,덕두역,L4801,부산-김해경전철,35.182006,128.954217,부산광역시 강서구 경전철로 10
105,덕두역,L4801,부산-김해경전철,35.182006,128.954217,부산광역시 강서구 경전철로 10
411,거제해맞이역,k0211,동해선,35.182197,129.069315,부산광역시 연제구 거제동 619-1
123,연산역,S2601,부산도시철도 1호선,35.186168,129.081534,부산광역시 연제구 중앙대로 지하 1101
305,연산역(3호선),S2603,부산도시철도 3호선,35.186173,129.081526,부산광역시 연제구 중앙대로 지하 1101
412,거제역,k0211,동해선,35.188587,129.073904,부산광역시 연제구 거제동 619-1
306,거제역,S2603,부산도시철도 3호선,35.188589,129.073941,부산광역시 연제구 월드컵대로 지하 209
417,재송역,k0211,동해선,35.189,129.120919,부산광역시 해운대구 재송동 933-1
230,모라역,S2602,부산도시철도 2호선,35.189663,128.988655,부산광역시 사상구 사상로 지하 498
230,모라역,S2602,부산도시철도 2호선,35.189663,128.988655,부산광역시 사상구 사상로 지하 498
307,종합운동장역,S2603,부산도시철도 3호선,35.19125,129.067504,부산광역시 연제구 아시아드대로 지하 73
415,안락역,k0211,동해선,35.195907,129.101062,부산광역시 동래구 안락동 201-2
124,교대역,S2601,부산도시철도 1호선,35.19605,129.080035,부산광역시 연제구 중앙대로 지하 1217
106,등구역,L4801,부산-김해경전철,35.196194,128.963551,부산광역시 강서구 대저2동 3133-7
106,등구역,L4801,부산-김해경전철,35.196194,128.963551,부산광역시 강서구 낙동북로 294
422,오시리아역,k0211,동해선,35.196256,129.208291,부산광역시 기장군 기장읍 당사리 261
231,구남역,S2602,부산도시철도 2호선,35.196804,128.994928,부산광역시 북구 백양대로 지하 1026
231,구남역,S2602,부산도시철도 2호선,35.196804,128.994928,부산광역시 북구 백양대로 지하 1026
308,사직역,S2603,부산도시철도 3호선,35.198998,129.064996,부산광역시 동래구 아시아드대로 지하 153
405,충렬사역,S2604,부산도시철도 4호선,35.199859,129.097636,부산광역시 동래구 반송로 지하 205
404,낙민역,S2604,부산도시철도 4호선,35.200254,129.090774,부산광역시 동래구 충렬대로 지하 285
403,수안역,S2604,부산도시철도 4호선,35.201828,129.083806,부산광역시 동래구 충렬대로 지하 223
232,구명역,S2602,부산도시철도 2호선,35.20252,128.999322,부산광역시 북구 백양대로 지하 1094
232,구명역,S2602,부산도시철도 2호선,35.20252,128.999322,부산광역시 북구 백양대로 지하 1094
402,동래역(4호선),S2604,부산도시철도 4호선,35.204834,129.077082,부산광역시 동래구 충렬대로 지하 147
406,명장역,S2604,부산도시철도 4호선,35.205143,129.101517,부산광역시 동래구 반송로 지하 281
309,미남역(3호선),S2603,부산도시철도 3호선,35.205503,129.068061,부산광역시 동래구 아시아드대로 지하 232
414,동래역,k0211,동해선,35.205614,129.078502,부산광역시 동래구 낙민동 130-4
125,동래역,S2601,부산도시철도 1호선,35.205641,129.078506,부산광역시 동래구 중앙대로 1324
314,구포역,S2603,부산도시철도 3호선,35.206697,128.996366,부산광역시 북구 낙동대로 1697
401,미남역(4호선),S2604,부산도시철도 4호선,35.207116,129.069172,부산광역시 동래구 아시아드대로 지하 232
313,덕천역(3호선),S2603,부산도시철도 3호선,35.210215,129.005671,부산광역시 북구 금곡대로 지하 14
233,덕천역(2호선),S2602,부산도시철도 2호선,35.210219,129.005673,부산광역시 북구 금곡대로 지하 14
233,덕천역(2호선),S2602,부산도시철도 2호선,35.210219,129.005673,부산광역시 북구 금곡대로 지하 14
315,강서구청역,S2603,부산도시철도 3호선,35.211247,128.981756,부산광역시 강서구 낙동북로 485
312,숙등역,S2603,부산도시철도 3호선,35.21197,129.012749,부산광역시 북구 만덕대로 지하 79
126,명륜역,S2601,부산도시철도 1호선,35.212551,129.079659,부산광역시 동래구 중앙대로 1414
316,체육공원역,S2603,부산도시철도 3호선,35.212577,128.9696515,부산광역시 강서구 낙동북로 371
310,만덕역,S2603,부산도시철도 3호선,35.213,129.036527,부산광역시 북구 만덕대로 지하 291
107,대저역,L4801,부산-김해경전철,35.213056,128.960647,부산광역시 강서구 낙동북로 294
107,대저역,L4801,부산-김해경전철,35.213056,128.960647,부산광역시 강서구 낙동북로 294
407,서동역,S2604,부산도시철도 4호선,35.213333,129.107683,부산광역시 금정구 반송로 지하 387
311,남산정역,S2603,부산도시철도 3호선,35.21334,129.023928,부산광역시 북구 만덕대로 지하 179
317,대저역,S2603,부산도시철도 3호선,35.213386,128.9610488,부산광역시 강서구 낙동북로 295
108,평강역,L4801,부산-김해경전철,35.214048,128.950756,부산광역시 강서구 대저1동 1639-1
108,평강역,L4801,부산-김해경전철,35.214048,128.950756,부산광역시 강서구 낙동북로203
408,금사역,S2604,부산도시철도 4호선,35.215829,129.115153,부산광역시 금정구 반송로 지하 465
109,대사역,L4801,부산-김해경전철,35.217686,128.938423,부산광역시 강서구 강동동 110-2
109,대사역,L4801,부산-김해경전철,35.217686,128.938423,부산광역시 강서구 낙동북로 82
409,반여농산물시장역,S2604,부산도시철도 4호선,35.217779,129.124061,부산광역시 해운대구 반송로 550
410,석대역,S2604,부산도시철도 4호선,35.21811162,129.137179,부산광역시 해운대구 석대천로 121
127,온천장역,S2601,부산도시철도 1호선,35.220249,129.086437,부산광역시 동래구 중앙대로 1520
110,불암역,L4801,부산-김해경전철,35.222192,128.927875,경상남도 김해시 김해대로 2787
110,불암역,L4801,부산-김해경전철,35.222192,128.927875,경상남도 김해시 김해대로 2787
234,수정역,S2602,부산도시철도 2호선,35.223356,129.009198,부산광역시 북구 금곡대로 지하 160
234,수정역,S2602,부산도시철도 2호선,35.223356,129.009198,부산광역시 북구 금곡대로 지하 160
411,영산대역,S2604,부산도시철도 4호선,35.225777,129.146149,부산광역시 해운대구 반송로 803
115,부원역,L4801,부산-김해경전철,35.226489,128.884,경상남도 김해시 김해대로 2350
115,부원역,L4801,부산-김해경전철,35.226489,128.8839018,경상남도 김해시 김해대로 2350
114,김해시청역,L4801,부산-김해경전철,35.227077,128.890425,경상남도 김해시 김해대로 2408
114,김해시청역,L4801,부산-김해경전철,35.227077,128.890425,경상남도 김해시 김해대로 2408
116,봉황역,L4801,부산-김해경전철,35.227266,128.874381,경상남도 김해시 김해대로 2249
116,봉황역,L4801,부산-김해경전철,35.227266,128.874381,경상남도 김해시 김해대로 2249
111,지내역,L4801,부산-김해경전철,35.227492,128.923782,경상남도 김해시 김해대로 2718
111,지내역,L4801,부산-김해경전철,35.227492,128.923782,경상남도 김해시 김해대로 2718
113,인제대역,L4801,부산-김해경전철,35.2281,128.901761,경상남도 김해시 김해대로 2515
113,인제대역,L4801,부산-김해경전철,35.22810117,128.901761,경상남도 김해시 김해대로 2515
112,김해대학역,L4801,부산-김해경전철,35.229015,128.915561,경상남도 김해시 김해대로 2641
112,김해대학역,L4801,부산-김해경전철,35.229015,128.915561,경상남도 김해시 김해대로 2641
128,부산대역,S2601,부산도시철도 1호선,35.229609,129.089358,부산광역시 금정구 장전온천천로 48
412,동부산대학역,S2604,부산도시철도 4호선,35.232506,129.154024,부산광역시 해운대구 반송로 917
117,수로왕릉역,L4801,부산-김해경전철,35.232824,128.872207,경상남도 김해시 김해대로 2181
117,수로왕릉역,L4801,부산-김해경전철,35.232824,128.872207,경상남도 김해시 김해대로 2181
413,고촌역,S2604,부산도시철도 4호선,35.236031,129.1604437,부산광역시 기장군 철마면 반송로 991
235,화명역,S2602,부산도시철도 2호선,35.236278,129.013918,부산광역시 북구 금곡대로 지하 311
235,화명역,S2602,부산도시철도 2호선,35.236278,129.013918,부산광역시 북구 금곡대로 지하 311
414,안평역,S2604,부산도시철도 4호선,35.237363,129.171823,부산광역시 기장군 철마면 반송로 1101
129,장전역,S2601,부산도시철도 1호선,35.23809095,129.088111,부산광역시 금정구 장전온천천로 144
118,박물관역,L4801,부산-김해경전철,35.240072,128.871905,경상남도 김해시 김해대로 2103
118,박물관역,L4801,부산-김해경전철,35.240072,128.871905,경상남도 김해시 김해대로 2103
423,기장역,k0211,동해선,35.243027,129.218551,부산광역시 기장군 기장읍 청강리 25-16
236,율리역,S2602,부산도시철도 2호선,35.246714,129.012918,부산광역시 북구 금곡대로 지하 440
236,율리역,S2602,부산도시철도 2호선,35.246714,129.012918,부산광역시 북구 금곡대로 지하 440
130,구서역,S2601,부산도시철도 1호선,35.247407,129.091327,부산광역시 금정구 금정로 233번길 46
119,연지공원역,L4801,부산-김해경전철,35.2496,128.869287,경상남도 김해시 해반천로 5
119,연지공원역,L4801,부산-김해경전철,35.24965843,128.869287,경상남도 김해시 해반천로 5
131,두실역,S2601,부산도시철도 1호선,35.256959,129.091386,부산광역시 금정구 중앙대로 지하 1927-1
237,동원역,S2602,부산도시철도 2호선,35.258656,129.012392,부산광역시 북구 금곡대로 575
237,동원역,S2602,부산도시철도 2호선,35.258656,129.012392,부산광역시 북구 금곡대로 575
120,장신대역,L4801,부산-김해경전철,35.259544,128.867202,경상남도 김해시 해반천로 129
120,장신대역,L4801,부산-김해경전철,35.259544,128.867202,경상남도 김해시 해반천로 129
132,남산역,S2601,부산도시철도 1호선,35.265404,129.092496,부산광역시 금정구 중앙대로 지하 2019-1
424,일광역,k0211,동해선,35.265565,129.233307,부산광역시 기장군 일광면 이천리 750-4
121,가야대역,L4801,부산-김해경전철,35.266785,128.865,경상남도 김해시 해반천로 211
121,가야대역,L4801,부산-김해경전철,35.266785,128.8650682,경상남도 김해시 해반천로 211
238,금곡역,S2602,부산도시철도 2호선,35.267248,129.0169054,부산광역시 북구 금곡대로 685
238,금곡역,S2602,부산도시철도 2호선,35.267248,129.0169054,부산광역시 북구 금곡대로 685
133,범어사역,S2601,부산도시철도 1호선,35.273105,129.092679,부산광역시 금정구 중앙대로 지하 2107
239,호포역,S4802,부산도시철도 2호선,35.280406,129.017097,경상남도 양산시 동면 양산대로 62
239,호포역,S4802,부산도시철도 2호선,35.280406,129.017097,경상남도 양산시 동면 양산대로 62
134,노포역,S2601,부산도시철도 1호선,35.28468657,129.094967,부산광역시 금정구 중앙대로 2238
240,증산역,S4802,부산도시철도 2호선,35.308302,129.010246,경상남도 양산시 물금읍 메기로 168
240,증산역,S4802,부산도시철도 2호선,35.308302,129.010246,경상남도 양산시 물금읍 메기로 168
241,부산대양산캠퍼스역,S4802,부산도시철도 2호선,35.316955,129.0139408,경상남도 양산시 물금읍 메기로 270
241,부산대양산캠퍼스역,S4802,부산도시철도 2호선,35.316955,129.0139408,경상남도 양산시 물금읍 메기로 270
242,남양산역,S4802,부산도시철도 2호선,35.325359,129.019457,경상남도 양산시 동면 메기로 380
242,남양산역,S4802,부산도시철도 2호선,35.325359,129.019457,경상남도 양산시 동면 메기로 380
243,양산역,S4802,부산도시철도 2호선,35.33872773,129.026391,경상남도 양산시 강변로 441
243,양산역,S4802,부산도시철도 2호선,35.33872773,129.026391,경상남도 양산시 강변로 441
116,부산원동역,k0211,동해선,35.362703,128.920499,부산시 동래구 안락동 52-2
115,설화명곡,S2701,대구 도시철도 1호선,35.7987183,128.4893178,대구광역시 달성군 화원읍 비슬로 2476
116,화원,S2701,대구 도시철도 1호선,35.8043566,128.5004042,대구광역시 달성군 화원읍 비슬로 지하2600
117,대곡,S2701,대구 도시철도 1호선,35.809497,128.510391,대구광역시 달서구 비슬로 지하2718 (대곡동)
118,진천,S2701,대구 도시철도 1호선,35.813826,128.520397,대구광역시 달서구 월배로 지하76 (진천동)
119,월배,S2701,대구 도시철도 1호선,35.816276,128.528392,대구광역시 달서구 월배로 지하143 (진천동)
341,용 지,S2703,대구 도시철도 3호선,35.8182735,128.6465169,대구광역시 수성구 범안로 83(범물동)
120,상인,S2701,대구 도시철도 1호선,35.818966,128.535684,대구광역시 달서구 월배로 지하223 (상인동)
340,범 물,S2703,대구 도시철도 3호선,35.8208443,128.6400962,대구광역시 수성구 지범로 194(범물동)
121,월촌,S2701,대구 도시철도 1호선,35.823688,128.543277,대구광역시 달서구 월배로 지하311 (송현동)
339,지 산,S2703,대구 도시철도 3호선,35.8251707,128.631909,대구광역시 수성구 지범로 100(지산동)
122,송현,S2701,대구 도시철도 1호선,35.831079,128.549562,대구광역시 달서구 월배로 지하412 (송현동)
338,수성못,S2703,대구 도시철도 3호선,35.8313624,128.6231984,대구광역시 수성구 동대구로 14(지산동)
242,정평,S2702,대구 도시철도 2호선,35.8340843,128.7264743,경상북도 경산시 대학로 지하60(정평동)
243,임당,S2702,대구 도시철도 2호선,35.8343906,128.7408599,경상북도 경산시 대학로 지하170(중방동)
244,영남대,S2702,대구 도시철도 2호선,35.8363683,128.7507913,경상북도 경산시 대학로 지하270(대동)
241,사월,S2702,대구 도시철도 2호선,35.8369933,128.7134473,대구광역시 수성구 달구벌대로 지하3290 (신매동)
123,성당못,S2701,대구 도시철도 1호선,35.837471,128.555224,대구광역시 남구 월배로 지하501 (대명동)
337,황 금,S2703,대구 도시철도 3호선,35.8391104,128.6239718,대구광역시 수성구 동대구로 100(두산동)
125,안지랑,S2701,대구 도시철도 1호선,35.839243,128.571705,대구광역시 남구 대명로 지하141 (대명동)
124,대명,S2701,대구 도시철도 1호선,35.839302,128.563288,대구광역시 남구 대명로 지하71 (대명동)
240,신매,S2702,대구 도시철도 2호선,35.8408467,128.7045286,대구광역시 수성구 달구벌대로 지하3180 (매호동)
126,현충로,S2701,대구 도시철도 1호선,35.840911,128.579194,대구광역시 남구 대명로 지하222 (대명동)
238,대공원,S2702,대구 도시철도 2호선,35.8426754,128.6797386,대구광역시 수성구 달구벌대로 지하2950 (연호동)
239,고산,S2702,대구 도시철도 2호선,35.8428892,128.6928426,대구광역시 수성구 달구벌대로 지하3080 (시지동)
127,영대병원,S2701,대구 도시철도 1호선,35.844269,128.586057,대구광역시 남구 대명로 지하292 (대명동)
336,어린이회관,S2703,대구 도시철도 3호선,35.8452121,128.6244688,대구광역시 수성구 동대구로 166(황금동)
237,연호,S2702,대구 도시철도 2호선,35.8463606,128.6712747,대구광역시 수성구 달구벌대로 지하2870 (연호동)
223,용산,S2702,대구 도시철도 2호선,35.849053,128.528702,대구광역시 달서구 달구벌대로 지하1476 (용산동)
224,죽전,S2702,대구 도시철도 2호선,35.8503956,128.5381172,대구광역시 달서구 달구벌대로 지하1560 (죽전동)
222,이곡,S2702,대구 도시철도 2호선,35.850578,128.515776,대구광역시 달서구 달구벌대로 지하1357 (이곡동)
128,교대,S2701,대구 도시철도 1호선,35.851106,128.588432,대구광역시 남구 중앙대로 지하194 (대명동)
220,계명대,S2702,대구 도시철도 2호선,35.8511654,128.4909082,대구광역시 달서구 달구벌대로 지하1140 (신당동)
221,성서산업단지,S2702,대구 도시철도 2호선,35.8516818,128.5068662,대구광역시 달서구 달구벌대로 지하1280 (이곡동)
335,수성구민운동장,S2703,대구 도시철도 3호선,35.852561,128.6250845,대구광역시 수성구 동대구로 248(범어동)
219,강창,S2702,대구 도시철도 2호선,35.8530713,128.4770843,대구광역시 달서구 달구벌대로 지하1014 (호산동)
225,감삼,S2702,대구 도시철도 2호선,35.8542327,128.5477848,대구광역시 달서구 달구벌대로 지하1665 (감삼동)
334,수성시장,S2703,대구 도시철도 3호선,35.8543308,128.6160342,대구광역시 수성구 명덕로 420(수성동2가)
236,담티,S2702,대구 도시철도 2호선,35.8548283,128.6517483,대구광역시 수성구 달구벌대로 지하2672 (만촌동)
333,대봉교,S2703,대구 도시철도 3호선,35.8550055,128.6063579,대구광역시 남구 명덕로 330(이천동)
332,건들바위,S2703,대구 도시철도 3호선,35.8554168,128.599626,대구광역시 남구 명덕로 260(이천동)
330,남 산,S2703,대구 도시철도 3호선,35.8566997,128.5833577,대구광역시 중구 남산로 2(남산동)
331,명 덕,S2703,대구 도시철도 3호선,35.8569753,128.5900125,대구광역시 남구 명덕로 186(대명동)
226,두류,S2702,대구 도시철도 2호선,35.8578873,128.5552363,대구광역시 달서구 달구벌대로 지하1760 (두류동)
218,대실,S2702,대구 도시철도 2호선,35.8579028,128.4644392,대구광역시 달성군 다사읍 달구벌대로지하888
129,명덕,S2701,대구 도시철도 1호선,35.8580257,128.5824361,대구광역시 중구 명덕로 지하185 (남산동)
235,만촌,S2702,대구 도시철도 2호선,35.8580984,128.6429934,대구광역시 수성구 달구벌대로 지하2584 (만촌동)
234,수성구청,S2702,대구 도시철도 2호선,35.8585726,128.6360776,대구광역시 수성구 달구벌대로 지하2500 (범어동)
233,범어,S2702,대구 도시철도 2호선,35.8590259,128.6238385,대구광역시 수성구 달구벌대로 지하2396 (범어동)
232,대구은행,S2702,대구 도시철도 2호선,35.859777,128.614091,대구광역시 수성구 달구벌대로 지하2300 (수성동)
227,내당,S2702,대구 도시철도 2호선,35.860139,128.564636,대구광역시 달서구 달구벌대로 지하1900 (두류동)
228,반고개,S2702,대구 도시철도 2호선,35.862248,128.572731,대구광역시 서구 달구벌대로 지하1827 (내당동)
231,경대병원,S2702,대구 도시철도 2호선,35.863183,128.602626,대구광역시 중구 달구벌대로 지하2190 (삼덕동)
216,문양,S2702,대구 도시철도 2호선,35.864171,128.436969,대구광역시 달성군 다사읍 문양길 71
329,청라언덕,S2703,대구 도시철도 3호선,35.8642709,128.5823466,대구광역시 중구 남산로 80(남산동)
130,반월당,S2701,대구 도시철도 1호선,35.864678,128.591147,대구광역시 중구 달구벌대로 지하2100 (덕산동)
229,청라언덕,S2702,대구 도시철도 2호선,35.864875,128.582358,대구광역시 중구 달구벌대로 지하2000 (동산동)
217,다사,S2702,대구 도시철도 2호선,35.8649583,128.4561083,대구광역시 달성군 다사읍 다사로지하30
230,반월당,S2702,대구 도시철도 2호선,35.865513,128.593393,대구광역시 중구 달구벌대로 지하2100 (덕산동)
144,반야월,S2701,대구 도시철도 1호선,35.865999,128.713553,대구광역시 동구 안심로 지하261 (동호동)
143,신기,S2701,대구 도시철도 1호선,35.866759,128.701658,대구광역시 동구 안심로 지하159 (신기동)
145,각산,S2701,대구 도시철도 1호선,35.868012,128.724389,대구광역시 동구 안심로 지하363 (신서동)
142,율하,S2701,대구 도시철도 1호선,35.869579,128.693032,대구광역시 동구 안심로 지하57 (율하동)
328,서문시장,S2703,대구 도시철도 3호선,35.8697503,128.5822416,대구광역시 중구 달성로 50(대신동)
131,중앙로,S2701,대구 도시철도 1호선,35.870913,128.591799,대구광역시 중구 중앙대로 지하424 (남일동)
146,안심,S2701,대구 도시철도 1호선,35.871227,128.733739,대구광역시 동구 안심로 지하455 (괴전동)
327,달성공원,S2703,대구 도시철도 3호선,35.875779,128.5820904,대구광역시 중구 달성로 116(수창동)
133,칠성시장,S2701,대구 도시철도 1호선,35.876141,128.602971,대구광역시 북구 칠성남로 지하222 (칠성동)
141,용계,S2701,대구 도시철도 1호선,35.876273,128.681415,대구광역시 동구 동촌로 지하383 (용계동)
132,대구,S2701,대구 도시철도 1호선,35.8763691,128.5884861,대구광역시 북구 칠성남로30길 지하24 (칠성동)
135,동대구,S2701,대구 도시철도 1호선,35.877303,128.627513,대구광역시 동구 동대구로 지하530 (신천동)
140,방촌,S2701,대구 도시철도 1호선,35.879692,128.669976,대구광역시 동구 동촌로 지하275 (방촌동)
136,동구청,S2701,대구 도시철도 1호선,35.8838366,128.6316231,대구광역시 동구 신암남로 지하169 (신암동)
326,북구청,S2703,대구 도시철도 3호선,35.8838928,128.5814795,대구광역시 서구 원대로 71(원대동2가)
139,해안,S2701,대구 도시철도 1호선,35.8838981,128.6593108,대구광역시 동구 동촌로 지하167 (방촌동)
138,동촌,S2701,대구 도시철도 1호선,35.886159,128.649053,대구광역시 동구 해동로 지하197 (검사동)
137,아양교,S2701,대구 도시철도 1호선,35.887162,128.6375663,대구광역시 동구 아양로 지하245 (신암동)
325,원 대,S2703,대구 도시철도 3호선,35.8878671,128.5742706,대구광역시 서구 팔달로 224-2(원대동3가)
324,팔달시장,S2703,대구 도시철도 3호선,35.8888598,128.567844,대구광역시 북구 팔달로 163-1(노원동3가)
323,만 평,S2703,대구 도시철도 3호선,35.8898678,128.561021,대구광역시 북구 팔달로 105(노원동3가)
322,공 단,S2703,대구 도시철도 3호선,35.8919855,128.5536204,대구광역시 북구 팔달로 28(비산동)
321,팔 달,S2703,대구 도시철도 3호선,35.8978498,128.5467575,대구광역시 북구 매천로2길 43(팔달동)
320,매천시장,S2703,대구 도시철도 3호선,35.9044626,128.5457614,대구광역시 북구 매천로 18길 39(매천동)
319,매 천,S2703,대구 도시철도 3호선,35.9127328,128.5433793,대구광역시 북구 학정로 6(매천동)
318,태 전,S2703,대구 도시철도 3호선,35.9197078,128.5474952,대구광역시 북구 칠곡중앙대로 262(태전동)
317,구 암,S2703,대구 도시철도 3호선,35.9257608,128.5504075,대구광역시 북구 팔거천동로 1(구암동)
316,칠곡운암,S2703,대구 도시철도 3호선,35.9314868,128.5545711,대구광역시 북구 팔거천동로 79(구암동)
315,동 천,S2703,대구 도시철도 3호선,35.9377071,128.5566602,대구광역시 북구 팔거천동로 147(동천동)
314,팔 거,S2703,대구 도시철도 3호선,35.944126,128.5583539,대구광역시 북구 팔거천동로 226(동천동)
313,학 정,S2703,대구 도시철도 3호선,35.951577,128.5591956,대구광역시 북구 팔거천동로 310(학정동)
312,칠곡경대병원,S2703,대구 도시철도 3호선,35.9583939,128.5599142,대구광역시 북구 팔거천동로 386(동호동)
101,판암,S3001,대전도시철도 1호선,36.316896,127.458264,대전광역시 동구 옥천로 지하162 (판암동)
102,신흥,S3001,대전도시철도 1호선,36.319652,127.448792,대전광역시 동구 옥천로 지하 70 (판암동)
107,서대전네거리,S3001,대전도시철도 1호선,36.322416,127.412518,대전광역시 중구 계룡로 지하 889(용두동)
106,중구청,S3001,대전도시철도 1호선,36.324831,127.419627,대전광역시 중구 중앙로 지하 71 (선화동)
108,오룡,S3001,대전도시철도 1호선,36.328582,127.405046,대전광역시 중구 계룡로 지하 793(오류동)
105,중앙로,S3001,대전도시철도 1호선,36.328664,127.425842,대전광역시 중구 중앙로 지하 145 (은행동)
103,대동,S3001,대전도시철도 1호선,36.329532,127.442848,대전광역시 동구 계족로 지하 176 (대동)
104,대전,S3001,대전도시철도 1호선,36.331583,127.433118,대전광역시 동구 중앙로 지하 218 (중동)
109,용문,S3001,대전도시철도 1호선,36.338252,127.393317,대전광역시 서구 계룡로 지하 644(용문동)
110,탄방,S3001,대전도시철도 1호선,36.34544,127.384603,대전광역시 서구 문정로48번길 지하 19(탄방동)
111,시청,S3001,대전도시철도 1호선,36.351673,127.386739,대전광역시 서구 둔산중로 지하 55(둔산동)
116,유성온천,S3001,대전도시철도 1호선,36.353689,127.341524,대전광역시 유성구 계룡로 지하 97(봉명동)
115,갑천,S3001,대전도시철도 1호선,36.354578,127.354467,대전광역시 서구 갑천도시고속도로 지하 1833(월평동)
117,구암,S3001,대전도시철도 1호선,36.356605,127.33083,대전광역시 유성구 유성대로 703(구암동)
113,갈마,S3001,대전도시철도 1호선,36.357522,127.372632,대전광역시 서구 한밭대로 지하 666(갈마동)
112,정부청사,S3001,대전도시철도 1호선,36.357661,127.381047,대전광역시 서구 한밭대로 지하 744(둔산동)
114,월평,S3001,대전도시철도 1호선,36.358272,127.364382,대전광역시 서구 한밭대로 지하 595(월평동)
118,현충원,S3001,대전도시철도 1호선,36.359021,127.321525,대전광역시 유성구 현충원로 지하 455(구암동)
119,월드컵경기장,S3001,대전도시철도 1호선,36.366825,127.317859,대전광역시 유성구 한밭대로 지하 155(노은동)
120,노은,S3001,대전도시철도 1호선,36.37415,127.317835,대전광역시 유성구 노은로 지하 161(지족동)
121,지족,S3001,대전도시철도 1호선,36.384106,127.319501,대전광역시 유성구 노은로 273(지족동)
122,반석,S3001,대전도시철도 1호선,36.392128,127.314581,대전광역시 유성구 북유성대로 지하 303(반석동)
177,신창(순천향대)역,k0208,장항선,36.769213,126.950129,충남 아산시 신창면 행목로 50
174,배방역,k0208,장항선,36.777541,127.052751,충남 아산시 배방읍 온천대로 1967
176,온양온천역,k0208,장항선,36.780419,127.003707,충남 아산시 온천대로 1496(온천동 56-9)
172,아산역,k0208,장항선,36.792195,127.105049,충남 아산시 배방읍 희망로 90(장재리 325-3)
171,쌍용(나사렛대)역,k0208,장항선,36.793745,127.121363,충청남도 천안시 서북구 쌍용2동 426-3
170,봉명역,k0208,장항선,36.801578,127.136319,충남 천안시 동남구 차돌로 51(봉명동 20-2)
169,천안역,k0201,경부선,36.810238,127.146417,충남 천안시 동남구 대흥로 239(대흥동 57-1)
168,두정역,k0201,경부선,36.833791,127.148905,충남 천안시 서북구 두정로 289(두정동 84-1)
167,직산역,k0201,경부선,36.870921,127.143774,충남 천안시 서북구 직산읍 천안대로 1471-33
166,성환역,k0201,경부선,36.915781,127.127007,충남 천안시 서북구 성환읍 성롼1로 237-5(성환리 449-128)
122,양원역,k0212,경의중앙선,37.6065521,127.1079248,서울시 중랑구 송림길 147(망우동)
165,평택역,k0201,경부선,36.990559,127.085496,경기도 평택시 평택로 51
164,지제역,k0201,경부선,37.018822,127.070269,경기도 평택시 경기대로 777
163,서정리역,k0201,경부선,37.056459,127.052844,경기도 평택시 탄현로 51
162,송탄역,k0201,경부선,37.075376,127.054397,경기도 평택시 신장동 송탄공원로 43
161,진위역,k0201,경부선,37.109771,127.062342,경기도 평택시 경기대로 1855
160,오산역,k0201,경부선,37.145472,127.066708,경기도 오산시 오산동 역광장로 59
159,오산대역,k0201,경부선,37.169401,127.063081,경기도 오산시 청학로 236
158,세마역,k0201,경부선,37.187288,127.043279,경기도 오산시 세마역로 88
157,서동탄역,k0201,경부선,37.195675,127.051893,경기도 오산시 외삼미로 15번길 75-60
157,병점역,k0201,경부선,37.206821,127.033268,경기도 화성시 떡전골로 97
Y119,김량장역,T4101,에버라인,37.237293,127.198671,경기도 용인시 처인구 금학로 315
Y120,운동장-송담대역,T4101,에버라인,37.237891,127.209046,경기도 용인시 처인구 금학로 409
Y118,명지대역,T4101,에버라인,37.2380254,127.1911514,경기도 용인시 처인구 금학로 241
Y117,시청-용인대역,T4101,에버라인,37.239426,127.178856,경기도 용인시 처인구 중부대로 1199-1
Y116,삼가역,T4101,에버라인,37.242103,127.168141,경기도 용인시 처인구 중부대로 1098
247,오목천,K2015,수인선,37.243011,126.9636354,경기도 수원시 권선구 삼천병마로 1576(오목천동)
156,세류역,k0201,경부선,37.244102,127.013772,경기도 수원시 권선구 정조로 387
Y121,고진역,T4101,에버라인,37.244643,127.214168,경기도 용인시 처인구 경안천로 141
241,망포역,k0304,분당선,37.245793,127.057367,경기도 수원시 영통구 봉영로 지하 1520
246,고색,K2015,수인선,37.248829,126.977899,경기도 수원시 권선구 매송고색로 지하690(고색동)
248,어천,K2015,수인선,37.250076,126.908805,경기도 화성시 매송면 화성로 2227-5(어천리)
240,영통역,k0304,분당선,37.251521,127.071341,경기도 수원시 영통구 봉영로 지하 1560
242,매탄권선역,k0304,분당선,37.252458,127.040824,경기도 수원시 권선구 권선동 1308번지
Y122,보평역,T4101,에버라인,37.2589472,127.218533,경기도 용인시 처인구 경안천로 313
239,청명역,k0304,분당선,37.259485,127.078945,경기도 수원시 영통구 봉영로 지하 1670
418,부발역,k0218,경강선,37.260411,127.490303,경기도 이천시 부발읍 아미리 505-7
Y115,초당역,T4101,에버라인,37.260823,127.159465,경기도 용인시 기흥구 동백죽전대로 204
249,야목,K2015,수인선,37.261011,126.88429,경기도 화성시 매송면 본오매송로 286(야목리)
238,상갈역,k0304,분당선,37.261797,127.108718,경기도 용인시 기흥구 금화로 지하 40
243,수원시청역,k0304,분당선,37.261941,127.030736,경기도 수원시 권선구 권선동 1122
417,이천역,k0218,경강선,37.264222,127.442135,경기도 이천시 율현동 435
244,매교역,k0304,분당선,37.265502,127.015657,경기도 수원시 팔달구 매교동 173-22
155,수원역,k0201,경부선,37.266162,126.999821,경기도 수원시 팔달구 덕영대로 924
245,수원(분당)역,k0304,분당선,37.266162,126.999821,경기도 수원시 팔달구 덕영대로 924
Y123,둔전역,T4101,에버라인,37.267201,127.213619,경기도 용인시 처인구 포곡읍 포곡로 70
Y114,동백역,T4101,에버라인,37.269111,127.152716,경기도 용인시 기흥구 동백죽전대로 314
Y112,지석역,T4101,에버라인,37.269691,127.1366815,경기도 용인시 기흥구 어정로 28
Y111,강남대역,T4101,에버라인,37.270171,127.126023,경기도 용인시 기흥구 중부대로 578
Y113,어정역,T4101,에버라인,37.275311,127.143774,경기도 용인시 기흥구 어정로 128
237,기흥역,k0304,분당선,37.275657,127.115944,경기도 용인시 중부대로 460
Y110,기흥역,T4101,에버라인,37.275657,127.115944,경기도 용인시 기흥구 중부대로 468
420,여주역,k0218,경강선,37.282881,127.628571,경기도 여주시 교동 403-1
154,화서역,k0201,경부선,37.28399,126.989581,경기도 수원시 팔달구 덕영대로 692
Y124,전대-에버랜드역,T4101,에버라인,37.285405,127.219491,경기도 용인시 처인구 포곡읍 에버랜드로 143
236,신갈역,k0304,분당선,37.286127,127.111311,경기도 용인시 기흥구 기흥로 136
250,사리,K2015,수인선,37.289982,126.856872,경기도 안산시 상록구 충장로 93(사동)
419,세종대왕릉역,k0218,경강선,37.293636,127.570764,경기도 여주시 능서면 신지리 275
235,구성역,k0304,분당선,37.299013,127.105664,경기도 용인시 기흥구 용구대로 2403
153,성균관대역,k0201,경부선,37.300344,126.970861,경기도 수원시 장안구 서부로 2149
448,상록수역,k0302,안산선,37.302845,126.866533,경기도 안산시 상록구 상록수로 61
449,한대앞역,k0302,안산선,37.309685,126.853656,경기도 안산시 상록구 충장로 337
251,한대앞,K2015,수인선,37.309685,126.853656,경기도 안산시 상록구 충장로 337
447,반월역,k0302,안산선,37.312244,126.903684,경기도 안산시 상록구 건건로 119-10
234,보정역,k0304,분당선,37.31274,127.108219,경기도 용인시 수지구 포은대로 536(죽전동 1014)
416,신둔도예촌역,k0218,경강선,37.315499,127.405251,경기도 이천시 신둔면 남정리 375-4
450,중앙역,k0302,안산선,37.316055,126.838532,경기도 안산시 단원구 중앙대로 918
252,중앙,K2015,수인선,37.316055,126.838532,경기도 안산시 단원구 중앙대로 918
451,고잔역,k0302,안산선,37.316821,126.823094,경기도 안산시 단원구 중앙대로 784
253,고잔,K2015,수인선,37.316821,126.823094,경기도 안산시 상록구 충장로 337
452,초지역,k0302,안산선,37.320583,126.806151,경기도 안산시 단원구 중앙대로 620
254,초지,K2015,수인선,37.320583,126.806151,경기도 안산시 단원구 중앙대로 784
152,의왕역,k0201,경부선,37.320648,126.948099,경기도 의왕시 철도박물관로 66(삼동)
233,죽전역,k0304,분당선,37.324575,127.107385,경기도 용인시 수지구 포은대로 536(죽전동 1014)
453,안산역,k0302,안산선,37.327006,126.788748,경기도 안산시 단원구 중앙대로 462
255,안산,K2015,수인선,37.327006,126.788748,경기도 안산시 단원구 중앙대로 620
446,대야미역,k0302,안산선,37.328304,126.917161,경기도 군포시 대야1로 28
454,신길온천역,k0302,안산선,37.337488,126.767306,경기도 안산시 단원구 황고개로 2
256,신길온천,K2015,수인선,37.337488,126.767306,경기도 안산시 단원구 중앙대로 462
232,오리역,k0304,분당선,37.339832,127.108985,경기도 성남시 분당구 성남대로 지하 55(구미동 795)
151,당정역,k0201,경부선,37.34338,126.948388,경기도 군포시 당정역로 91
231,미금역,k0304,분당선,37.350078,127.108952,경기도 성남시 수정구 성남대로 지하 156
445,수리산역,k0302,안산선,37.350297,126.925537,경기도 군포시 번영로 385
415,곤지암역,k0218,경강선,37.350525,127.346186,경기도 광주시 곤지암읍 곤지암리 353-1
455,정왕역,k0302,안산선,37.351816,126.742844,경기도 시흥시 마유로 418길 15
257,정왕,K2015,수인선,37.351816,126.742844,경기도 안산시 단원구 황고개로 2
150,군포역,k0201,경부선,37.353732,126.948517,경기도 군포시 군포역1길 27
444,산본역,k0302,안산선,37.358019,126.932969,경기도 군포시 번영로 504
456,오이도역,k0302,안산선,37.361773,126.738437,경기도 시흥시 역전로 430
258,오이도,K2015,수인선,37.361773,126.738437,경기도 시흥시 역전로 430
230,정자역,k0304,분당선,37.366037,127.108091,경기도 성남시 분당구 성남대로 지하 333(정자동)
149,금정역,k0201,경부선,37.371957,126.943611,경기도 군포시 군포로 750
414,초월역,k0218,경강선,37.373389,127.299996,경기도 광주시 초월읍 쌍동리 213-15
3135,지식정보단지,S2801,인천지하철 1호선,37.378021,126.645412,인천광역시 연수구 인천타워대로 57
229,수내역,k0304,분당선,37.378435,127.114216,경기도 성남시 분당구 성남대로 지하 491(수내동)
259,달월역,K2015,수인선,37.379993,126.745431,경기도 시흥시 서해안로 736번길 55(월곶동)
3134,테크노파크,S2801,인천지하철 1호선,37.382311,126.656355,인천광역시 연수구 송도국제대로 150
148,명학역,k0201,경부선,37.384435,126.935579,경기도 안양시 만안구 만안로 20
228,서현역,k0304,분당선,37.384931,127.123249,경기도 성남시 분당구 성남대로 지하 601
3136,인천대입구,S2801,인천지하철 1호선,37.386239,126.639351,인천광역시 연수구 인천타워대로 155
3133,캠퍼스타운,S2801,인천지하철 1호선,37.388209,126.661985,인천광역시 연수구 송도국제대로 66
442,범계역,k0303,과천선,37.389783,126.950752,경기도 안양시 동안구 동안로 지하 130
260,월곶역,K2015,수인선,37.39189,126.742741,경기도 시흥시 월곶 중앙로 14번길
3137,센트럴파크,S2801,인천지하철 1호선,37.392833,126.635002,인천광역시 연수구 인천타워대로 240
441,평촌역,k0303,과천선,37.394346,126.963881,경기도 안양시 동안구 부림로 지하 123
410,판교역,k0218,경강선,37.394798,127.111135,경기도 성남시 분당구 백현동 19-2
227,이매역,k0304,분당선,37.395846,127.128272,경기도 성남시 성남대로 지하 738
3132,동막,S2801,인천지하철 1호선,37.398173,126.673561,인천광역시 연수구 경원대로 80
413,경기광주역,k0218,경강선,37.398974,127.253201,경기도 광주시 역동 176-13
3138,국제업무지구,S2801,인천지하철 1호선,37.400464,126.630094,인천광역시 연수구 인천타워대로 334
262,인천논현역,K2015,수인선,37.400641,126.722495,인천시 남동구 청능대로 567
261,소래포구역,K2015,수인선,37.400963,126.733533,인천시 남동구 소래역로 51
263,호구포역,K2015,수인선,37.401622,126.708682,인천시 남동구 호구포로 205
440,인덕원역,k0303,과천선,37.401901,126.976818,경기도 안양시 동안구 흥안대로 529
147,안양역,k0201,경부선,37.401929,126.922647,경기도 안양시 만안구 만안로 232
3131,동춘,S2801,인천지하철 1호선,37.404676,126.680835,인천광역시 연수구 경원대로 180
264,남동인더스파크역,K2015,수인선,37.407868,126.695613,인천광역시 남동구 고잔동 970-14
412,삼동역,k0218,경강선,37.408731,127.203447,경기도 광주시 중대동 304
226,야탑역,k0304,분당선,37.41132,127.128661,경기도 성남시 성남대로 지하 903(야탑동 688-1)
3130,원인재,S2801,인천지하철 1호선,37.412364,126.687893,인천광역시 연수구 경원대로 285
265,원인재역,K2015,수인선,37.412921,126.686952,인천시 연수구 벚꽃로 195
144,광명역,k0201,고속선,37.415995,126.884523,경기도 광명시 광명역로 21
266,연수역,K2015,수인선,37.417769,126.678991,인천시 연수구 벚꽃로 115
267,송도역,K2015,수인선,37.417769,126.678991,인천시 연수구 비류대로 175(옥련동)
3129,신연수,S2801,인천지하철 1호선,37.418032,126.693853,인천광역시 연수구 경원대로 368
146,관악역,k0201,경부선,37.419578,126.908476,경기도 안양시 만안구 경수대로 1273번길 46
439,정부과천청사역,k0303,과천선,37.426445,126.989802,경기도 과천시 중앙로 지하 100
3128,선학,S2801,인천지하철 1호선,37.426985,126.698872,인천광역시 연수구 경원대로 480
225,모란역,k0304,분당선,37.432124,127.129064,경기도 성남시 중원구 성남대로 지하 1147(성남동 1575)
2827,모란,S1108,서울 도시철도 8호선,37.43291644,127.1294298,경기도 성남시 수정구 산성대로 지하100 (수진동)
438,과천역,k0303,과천선,37.433205,126.996404,경기도 과천시 별양로 지하 177
3127,문학경기장,S2801,인천지하철 1호선,37.434964,126.698373,인천광역시 연수구 예술로 2
145,석수역,k0201,경부선,37.435161,126.902233,경기도 안양시 만안구 경수대로 1431
437,대공원역,k0303,과천선,37.435724,127.006474,경기도 과천시 대공원로 50
2826,수진,S1108,서울 도시철도 8호선,37.43732537,127.1406475,경기도 성남시 수정구 산성대로 지하200 (수진동)
3227,운연,S2802,인천지하철 2호선,37.437924,126.759409,인천광역시 남동구 매소홀로 1229 (운연동)
224,태평역,k0304,분당선,37.439842,127.127746,경기도 성남시 수정구 성남대로 지하 1229번지
2825,신흥,S1108,서울 도시철도 8호선,37.44088706,127.1473884,경기도 성남시 수정구 산성대로 지하280 (신흥동)
3126,인천터미널,S2801,인천지하철 1호선,37.441917,126.699727,인천광역시 미추홀구 예술로 85
436,경마공원역,k0303,과천선,37.443987,127.007899,경기도 과천시 경마공원대로 105
2824,단대오거리,S1108,서울 도시철도 8호선,37.44512808,127.1566517,경기도 성남시 수정구 산성대로 지하365 (신흥동)
3225,남동구청,S2802,인천지하철 2호선,37.4481675,126.7366414,인천광역시 남동구 인주대로 지하 889 (만수동)
269,인하대역,K2015,수인선,37.448191,126.649832,인천시 남구 용현동 294-3
3226,인천대공원,S2802,인천지하철 2호선,37.448475,126.753051,인천광역시 남동구 수인로 3677 (장수동)
223,가천대역,k0304,분당선,37.448784,127.126677,경기도 성남시 수정구 태평1동 5113-9
3125,예술회관,S2801,인천지하철 1호선,37.449334,126.700991,인천광역시 남동구 예술로 172
2823,남한산성입구,S1108,서울 도시철도 8호선,37.45156254,127.1597963,경기도 성남시 수정구 산성대로 지하 445
435,선바위역,k0303,과천선,37.451854,127.002164,경기도 과천시 중앙로 440
3224,만수,S2802,인천지하철 2호선,37.454962,126.731764,인천광역시 남동구 구월로 지하 367 (만수동)
144,금천구청역,k0201,경부선,37.45576,126.894344,서울시 금천구 시흥대로 63길 91
3223,모래내시장,S2802,인천지하철 2호선,37.455842,126.719578,인천광역시 남동구 구월로 지하 255 (구월동)
2822,산성,S1108,서울 도시철도 8호선,37.45668074,127.1498131,경기도 성남시 수정구 수정로 지하365(신흥동)
3221,인천시청,S2802,인천지하철 2호선,37.456904,126.701523,인천광역시 남동구 구월로 지하 99 (간석동)
3222,석천사거리,S2802,인천지하철 2호선,37.4569323,126.710383,인천광역시 남동구 구월로 지하 181 (구월동)
3124,인천시청,S2801,인천지하철 1호선,37.457615,126.702216,인천광역시 남동구 예술로 264
3220,석바위시장,S2802,인천지하철 2호선,37.457659,126.692387,인천광역시 미추홀구 구월로 19 (주안동)
3219,시민공원,S2802,인천지하철 2호선,37.458739,126.680091,인천광역시 미추홀구 경인로 371 (주안동)
270,숭의역,K2015,수인선,37.460891,126.638035,인천시 남구 인주대로 지하6
434,남태령,S1104,서울 도시철도 4호선,37.46424858,126.9888363,서울특별시 서초구 과천대로 지하 816 (방배동)
155,간석역,k0301,경인선,37.464689,126.693408,인천시 남동구 석정로 522-14
156,주안역,k0301,경인선,37.465041,126.680702,인천시 남구 주안로 95-19
3218,주안,S2802,인천지하철 2호선,37.465517,126.680441,인천광역시 미추홀구 주안로 지하 91-1 (주안동)
143,독산역,k0201,경부선,37.465994,126.889508,서울시 금천구 벚꽃로 115
157,도화역,k0301,경인선,37.466154,126.66846,인천시 남구 숙골로 24번길 9
158,제물포역,k0301,경인선,37.466809,126.657165,인천시 남구 경인로 129
3123,간석오거리,S2801,인천지하철 1호선,37.466921,126.707861,인천광역시 남동구 경인로 674
271,신포역,K2015,수인선,37.468442,126.624509,인천시 중구 사동 26-19
136,원덕역,k0212,경의중앙선,37.468585,127.547468,경기도 양평군 양평읍 원덕흑천길 136
159,도원역,k0301,경인선,37.468604,126.642824,인천시 동구 참외전로 245
222,복정역,k0304,분당선,37.469753,127.126627,경기도 성남시 수정구 복정로 4
2821,복정,S1108,서울 도시철도 8호선,37.47008981,127.1264714,서울특별시 송파구 송파대로 지하6 (장지동)
154,동암역,k0301,경인선,37.470835,126.703016,인천시 부평구 동암광장로 10
3217,주안국가산단,S2802,인천지하철 2호선,37.473599,126.681702,인천광역시 서구 방축로 343 (가좌동)
160,동인천역,k0301,경인선,37.475414,126.632598,인천시 중구 참외전로 119
2749,철산,S1107,서울 도시철도 7호선,37.47611739,126.8680062,경기도 광명시 철산로 지하13 (철산동)
161,인천역,k0301,경인선,37.476364,126.616936,인천시 중구 제물량로 269
272,인천,K2015,수인선,37.476364,126.616936,인천시 중구 제물량로 269
138,지평역,k0212,경의중앙선,37.476496,127.629681,경기도 양평군 지평면 지평역길 32
226,사당,S1102,서울 도시철도 2호선,37.4767992,126.9816245,서울특별시 동작구 남부순환로 지하 2089 (사당동)
433,사당,S1104,서울 도시철도 4호선,37.4767992,126.9814245,"서울특별시 동작구 동작대로 3(사당동,사당역(4호선))"
227,낙성대,S1102,서울 도시철도 2호선,37.47692607,126.9636002,서울특별시 관악구 남부순환로 지하 1928 (봉천동)
3122,부평삼거리,S2801,인천지하철 1호선,37.478267,126.710494,인천광역시 부평구 경인로 765
2820,장지,S1108,서울 도시철도 8호선,37.47839756,127.1260529,서울특별시 송파구 송파대로 지하82(장지동)
2750,광명사거리,S1107,서울 도시철도 7호선,37.47941898,126.8547278,경기도 광명시 오리로 지하980(광명동)
228,서울대입구,S1102,서울 도시철도 2호선,37.48103059,126.9526269,서울특별시 관악구 남부순환로 지하 1822 (봉천동)
2748,가산디지털단지,S1107,서울 도시철도 7호선,37.48121776,126.8825816,서울특별시 금천구 벚꽃로 309 (가산동)
225,방배,S1102,서울 도시철도 2호선,37.48130245,126.997636,서울특별시 서초구 방배로 지하 80 (방배동)
142,가산디지털단지역,k0201,경부선,37.481568,126.882628,서울시 금천구 벚꽃로 309
137,용문역,k0212,경의중앙선,37.482085,127.594251,경기도 양평군 용문면 용문역길 18
229,봉천,S1102,서울 도시철도 2호선,37.48245978,126.9418478,서울특별시 관악구 남부순환로 지하 1721 (봉천동)
147,소사역,k0301,경인선,37.482755,126.795654,경기도 부천시 소사구 경인로 363
153,백운역,k0301,경인선,37.483301,126.707179,인천시 부평구 마장로 55번길 14
332,양재,S1103,서울 도시철도 3호선,37.48381174,127.0345768,서울특별시 서초구 남부순환로 지하 2585 (서초동)
338,일원,S1103,서울 도시철도 3호선,37.48382242,127.0843143,서울특별시 강남구 일원로 지하 121 (일원동)
148,부천역,k0301,경인선,37.484066,126.782779,경기도 부천시 소사구 부천로 1
3216,가재울,S2802,인천지하철 2호선,37.484152,126.683883,인천광역시 서구 열우물로 252 (가좌동)
230,신림,S1102,서울 도시철도 2호선,37.48420085,126.9295937,서울특별시 관악구 남부순환로 지하 1614 (신림동)
2739,남성,S1107,서울 도시철도 7호선,37.48453469,126.9712351,서울특별시 동작구 사당로 지하218 (사당동)
331,남부터미널,S1103,서울 도시철도 3호선,37.48482472,127.0161898,서울특별시 서초구 서초중앙로 지하 31 (서초동)
146,역곡역,k0301,경인선,37.48514,126.811622,경기도 부천시 원미구 역곡로 1(역곡동)
232,구로디지털단지,S1102,서울 도시철도 2호선,37.48516215,126.9014847,서울특별시 구로구 도림천로 477 (구로동)
3121,동수,S2801,인천지하철 1호선,37.485409,126.718464,인천광역시 부평구 경인로 877
2819,문정,S1108,서울 도시철도 8호선,37.4859849,127.1222272,서울특별시 송파구 송파대로 지하179 (문정동)
2747,남구로,S1107,서울 도시철도 7호선,37.48613283,126.8873355,서울특별시 구로구 도림로 지하7(구로동)
2738,이수,S1107,서울 도시철도 7호선,37.48658247,126.981745,서울특별시 동작구 사당로 지하310 (사당동)
2751,천왕,S1107,서울 도시철도 7호선,37.48661459,126.8386245,서울특별시 구로구 오리로 지하1154(오류동)
149,중동역,k0301,경인선,37.486664,126.764474,경기도 부천시 소사구 중동로 73
432,총신대입구,S1104,서울 도시철도 4호선,37.48678247,126.981945,서울특별시 동작구 동작대로 지하 117 (사당동)
333,매봉,S1103,서울 도시철도 3호선,37.48684644,127.0467037,서울특별시 강남구 남부순환로 지하 2744 (도곡동)
218,구룡역,k0304,분당선,37.486985,127.059496,서울시 강남구 개포동 175번지
339,수서,S1103,서울 도시철도 3호선,37.48716257,127.101553,서울특별시 강남구 광평로 지하 270 (수서동)
231,신대방,S1102,서울 도시철도 2호선,37.48741288,126.9135942,서울특별시 동작구 대림로 2 (신대방동)
2737,내방,S1107,서울 도시철도 7호선,37.4875118,126.9932223,서울특별시 서초구 서초대로 지하103 (방배동)
150,송내역,k0301,경인선,37.487626,126.753045,경기도 부천시 소사구 송내대로 43
221,수서역,k0304,분당선,37.487633,127.101118,서울시 강남구 광평로 지하 270(수서동)
151,부개역,k0301,경인선,37.488479,126.740549,인천시 부평구 수변로 22
219,개포동역,k0304,분당선,37.489112,127.066027,서울시 강남구 개포동 지하 420(개포동)
152,부평역,k0301,경인선,37.489457,126.724584,인천시 부평구 광장로 16
3120,부평,S2801,인천지하철 1호선,37.490541,126.723437,인천광역시 부평구 광장로 15
334,도곡,S1103,서울 도시철도 3호선,37.49082524,127.0553484,서울특별시 강남구 남부순환로 지하 2814 (도곡동)
217,도곡역,k0304,분당선,37.490914,127.055393,서울시 강남구 남부순환로 지하 2814
220,대모산입구역,k0304,분당선,37.491347,127.072702,서울시 강남구 일원동 611번지
224,서초,S1102,서울 도시철도 2호선,37.49178284,127.0075972,서울특별시 서초구 서초대로 지하 233 (서초동)
2752,온수,S1107,서울 도시철도 7호선,37.49215924,126.8237047,서울특별시 구로구 경인로3길 지하64 (온수동)
145,온수역,k0301,경인선,37.492267,126.823399,서울시 구로구 부일로 872
135,양평역,k0212,경의중앙선,37.492674,127.491858,경기도 양평군 양평읍 양근리 137
340,가락시장,S1103,서울 도시철도 3호선,37.49276539,127.1178996,서울특별시 송파구 송파대로 지하 257 (가락동)
2818,가락시장,S1108,서울 도시철도 8호선,37.49292332,127.1180741,서울특별시 송파구 송파대로 지하 257 (가락동)
413,교대역,k0211,동해선,37.492975,127.013814,부산광역시 연제구 거제동 42-3
233,대림,S1102,서울 도시철도 2호선,37.49307207,126.8957105,서울 구로구 구로6동 125-66
2746,대림,S1107,서울 도시철도 7호선,37.49307207,126.8959105,서울특별시 영등포구 도림로 지하137
2560,거여,S1105,서울 도시철도 5호선,37.49316744,127.1436672,서울특별시 송파구 오금로 지하499(거여동)
223,교대,S1102,서울 도시철도 2호선,37.49320061,127.0142237,서울특별시 서초구 서초대로 지하 294 (서초동)
330,교대,S1103,서울 도시철도 3호선,37.49320061,127.0140237,서울특별시 서초구 서초대로 지하 294 (서초동)
337,대청,S1103,서울 도시철도 3호선,37.49346096,127.079515,서울특별시 강남구 일원로 지하 2 (일원동)
3215,인천가좌,S2802,인천지하철 2호선,37.493762,126.675465,인천광역시 서구 가석로 67 (가좌동)
335,대치,S1103,서울 도시철도 3호선,37.4942795,127.0632665,서울특별시 강남구 남부순환로 지하 2952 (대치동)
144,오류동역,k0301,경인선,37.4944,126.844551,서울시 구로구 경인로 20길 13
143,개봉역,k0301,경인선,37.494698,126.858504,서울시 구로구 경인로 40길 47
2561,마천,S1105,서울 도시철도 5호선,37.49495884,127.152476,서울특별시 송파구 마천로57길 지하7(마천동)
341,경찰병원,S1103,서울 도시철도 3호선,37.49576539,127.1242996,서울특별시 송파구 중대로 지하 149 (가락동)
2740,숭실대입구,S1107,서울 도시철도 7호선,37.4961804,126.9534722,서울특별시 동작구 상도로 지하 378
216,한티역,k0304,분당선,37.496208,127.052883,서울시 강남구 선릉로 지하 228
142,구일역,k0301,경인선,37.496273,126.869599,서울시 구로구 구일로 133
336,학여울,S1103,서울 도시철도 3호선,37.49655351,127.0713676,서울특별시 강남구 남부순환로 지하 3104 (대치동)
222,강남,S1102,서울 도시철도 2호선,37.49720244,127.0280537,서울특별시 강남구 강남대로 지하 396 (역삼동)
2559,개롱,S1105,서울 도시철도 5호선,37.49782678,127.1348328,서울특별시 송파구 오금로 지하402 (가락동)
3119,부평시장,S2801,인천지하철 1호선,37.498495,126.722282,인천광역시 부평구 부평대로 69
2743,신대방삼거리,S1107,서울 도시철도 7호선,37.49968797,126.9280519,서울특별시 동작구 상도로 지하76 (대방동)
2817,송파,S1108,서울 도시철도 8호선,37.4997227,127.1118647,서울특별시 송파구 송파대로 지하354 (가락동)
2744,보라매,S1107,서울 도시철도 7호선,37.49989004,126.9203052,서울특별시 동작구 상도로 지하2(대방동)
2745,신풍,S1107,서울 도시철도 7호선,37.50008919,126.9098598,서울특별시 영등포구 신풍로 지하27(신길동)
3214,서부여성회관,S2802,인천지하철 2호선,37.500298,126.675875,인천광역시 서구 가석로 169 (석남동)
221,역삼,S1102,서울 도시철도 2호선,37.50054496,127.0363944,서울특별시 강남구 테헤란로 지하 156 (역삼동)
2558,오금,S1105,서울 도시철도 5호선,37.50196105,127.1277379,서울특별시 송파구 오금로 지하 321 (오금동)
4132,석촌고분,S1109,서울 도시철도 9호선,37.50202826,127.0966224,서울특별시 송파구 삼학사로 53
342,오금,S1103,서울 도시철도 3호선,37.50216539,127.1278996,서울특별시 송파구 오금로 지하 321 (오금동)
2741,상도,S1107,서울 도시철도 7호선,37.50285237,126.9477417,서울특별시 동작구 상도로 지하272(상도1동)
431,동작,S1104,서울 도시철도 4호선,37.50300413,126.9790224,서울특별시 동작구 현충로 257 (동작동)
2756,신중동,S1107,서울 도시철도 7호선,37.50308369,126.776328,경기도 부천시 길주로 314
123,구리역,k0212,경의중앙선,37.503178,126.882037,경기도 구리시 건원대로 34번길 32-29(인창동 244-2)
141,구로역,k0201,경부선,37.503178,126.882037,서울시 구로구 구로중앙로 174
2755,춘의,S1107,서울 도시철도 7호선,37.50372821,126.7868467,경기도 부천시 길주로 지하 406
329,고속터미널,S1103,서울 도시철도 3호선,37.50436623,127.0049403,서울특별시 서초구 신반포로 지하 188 (반포동)
2736,고속터미널,S1107,서울 도시철도 7호선,37.50436623,127.0045403,서울특별시 서초구 신반포로 지하 188 (반포동)
220,선릉,S1102,서울 도시철도 2호선,37.50437895,127.0486966,서울특별시 강남구 테헤란로 지하 340 (삼성동)
215,선릉역,k0304,분당선,37.504479,127.048941,서울시 강남구 테헤란로 지하 340
2757,부천시청,S1107,서울 도시철도 7호선,37.50454132,126.7637332,경기도 부천시 길주로 202
4131,삼전,S1109,서울 도시철도 9호선,37.50474464,127.0877814,서울특별시 송파구 백제고분로 187
2742,장승배기,S1107,서울 도시철도 7호선,37.50482108,126.9388623,서울특별시 동작구 상도로 지하188(상도동)
2816,석촌,S1108,서울 도시철도 8호선,37.50535113,127.1069303,서울특별시 송파구 송파대로 지하439(석촌동)
2754,부천종합운동장,S1107,서울 도시철도 7호선,37.50544153,126.7972468,경기도 부천시 길주로 지하 502
2758,상동,S1107,서울 도시철도 7호선,37.50570416,126.7529908,경기도 부천시 길주로 104
4133,석촌,S1109,서울 도시철도 9호선,37.50594926,127.1063458,서울특별시 송파구 송파대로 439
134,오빈역,k0212,경의중앙선,37.506061,127.474053,경기도 양평군 양평읍 덕바위길 29번길
2753,까치울,S1107,서울 도시철도 7호선,37.50632983,126.8113309,경기도 부천시 길주로 626
2759,삼산체육관,S1107,서울 도시철도 7호선,37.50636043,126.7417749,인천광역시 부평구 길주로 지하713 (삼산동)
2760,굴포천,S1107,서울 도시철도 7호선,37.50708334,126.7311071,인천광역시 부평구 길주로 지하623 (삼산동)
3213,석남(거북시장),S2802,인천지하철 2호선,37.507211,126.676304,인천광역시 서구 가석로 257 (석남동)
4126,언주,S1109,서울 도시철도 9호선,37.50744596,127.0342849,서울특별시 강남구 봉은사로 지하 201
2761,부평구청,S1107,서울 도시철도 7호선,37.50795782,126.7211284,인천광역시 부평구 길주로 지하527(갈산동)
2735,반포,S1107,서울 도시철도 7호선,37.50820769,127.011532,서울특별시 서초구 신반포로 지하241(잠원동)
2557,방이,S1105,서울 도시철도 5호선,37.50865738,127.1260716,서울특별시 송파구 양재대로 지하1127 (방이동)
219,삼성,S1102,서울 도시철도 2호선,37.5086936,127.063165,서울특별시 강남구 테헤란로 지하 538 (삼성동)
234,신도림,S1102,서울 도시철도 2호선,37.50874994,126.8912511,서울특별시 구로구 새말로 지하 117-21 (신도림동)
3118,부평구청,S2801,인천지하철 1호선,37.508768,126.720547,인천광역시 부평구 부평대로 189
140,신도림역,k0201,경부선,37.508983,126.891513,서울시 구로구 새말로 117-21
4134,송파나루,S1109,서울 도시철도 9호선,37.51012026,127.1131234,서울특별시 송파구 오금로 165
214,선정릉역,k0304,분당선,37.510275,127.043817,서울시 강남구 선릉로 지하 580(삼성동)
4127,선정릉,S1109,서울 도시철도 9호선,37.51085355,127.043641,서울특별시 강남구 선릉로 지하 580
4130,종합운동장,S1109,서울 도시철도 9호선,37.51096913,127.0733558,서울특별시 송파구 올림픽로 지하 23
218,종합운동장,S1102,서울 도시철도 2호선,37.51106095,127.073542,서울특별시 송파구 올림픽로 지하 23 (잠실동)
2734,논현,S1107,서울 도시철도 7호선,37.51118691,127.0212831,서울특별시 강남구 학동로 지하102(논현동)
217,잠실새내,S1102,서울 도시철도 2호선,37.51141143,127.0860068,서울특별시 송파구 올림픽로 지하 140 (잠실동)
134,신천,S2701,대구 도시철도 1호선,37.511624,127.083391,대구광역시 동구 동부로 지하41 (신천동)
248,양천구청,S1102,서울 도시철도 2호선,37.51205148,126.8656075,서울특별시 양천구 목동로3길 지하 33(신정동)
328,잠원,S1103,서울 도시철도 3호선,37.51282982,127.0112442,서울특별시 서초구 잠원로 4길 지하 46 (잠원동)
4128,삼성중앙,S1109,서울 도시철도 9호선,37.51288248,127.052705,서울특별시 강남구 봉은사로 지하 501
137,대방역,k0201,경부선,37.513392,126.926407,서울시 영등포구 여의대방로 300
216,잠실,S1102,서울 도시철도 2호선,37.51376934,127.1021882,서울특별시 송파구 올림픽로 지하 265 (잠실동)
2815,잠실,S1108,서울 도시철도 8호선,37.51386481,127.1024965,서울특별시 송파구 올림픽로 지하 265 (잠실동)
133,아신역,k0212,경의중앙선,37.513954,127.443238,경기도 양평군 옥천면 아신역길 1길 23-3
136,노량진역,k0201,경부선,37.514072,126.941671,서울시 동작구 노량진로 151
247,도림천,S1102,서울 도시철도 2호선,37.51420522,126.8827022,서울특별시 구로구 경인로 67길 160 (신도림동)
2733,학동,S1107,서울 도시철도 7호선,37.51428621,127.0317362,서울특별시 강남구 학동로 지하180(논현동)
4129,봉은사,S1109,서울 도시철도 9호선,37.51436096,127.0608922,서울특별시 강남구 봉은사로 지하 601
139,영등포역,k0201,경부선,37.515756,126.907411,서울시 영등포구 경인로 846(영등포동 1가 618-496)
4136,올림픽공원,S1109,서울 도시철도 9호선,37.51608795,127.1306004,서울특별시 송파구 양재대로 1233
132,국수역,k0212,경의중앙선,37.516171,127.399402,경기도 양평군 양서면 국수역길 45
327,신사,S1103,서울 도시철도 3호선,37.51618776,127.020092,서울특별시 강남구 도산대로 지하 102 (신사동)
2556,올림픽공원,S1105,서울 도시철도 5호선,37.51620079,127.1308803,서울특별시 송파구 양재대로 지하1233
4135,한성백제,S1109,서울 도시철도 9호선,37.51686537,127.118185,서울특별시 송파구 위례성대로 51
138,신길역,k0201,경부선,37.517018,126.917743,서울시 영등포구 영등포로 327
3117,갈산,S2801,인천지하철 1호선,37.517124,126.721566,인천광역시 부평구 부평대로 286
2732,강남구청,S1107,서울 도시철도 7호선,37.51714842,127.0411628,서울특별시 강남구 학동로 지하346 (삼성동)
213,강남구청역,k0304,분당선,37.517172,127.041275,서울시 강남구 학동로 지하 364
2814,몽촌토성,S1108,서울 도시철도 8호선,37.51742473,127.1123921,서울특별시 송파구 올림픽로 지하383
2526,신길,S1105,서울 도시철도 5호선,37.51742655,126.916543,서울특별시 영등포구 경인로114가길 지하9 (영등포동1가)
3212,가정중앙시장,S2802,인천지하철 2호선,37.517511,126.676784,인천광역시 서구 가남로 400 (가정동)
235,문래,S1102,서울 도시철도 2호선,37.51779736,126.8945439,서울특별시 영등포구 당산로 지하 28 (문래동3가)
4137,둔촌오륜,S1109,서울 도시철도 9호선,37.51797547,127.1401702,서울특별시 송파구 강동대로 327
2731,청담,S1107,서울 도시철도 7호선,37.5195959,127.0537514,서울특별시 강남구 학동로 지하508 (청담동)
112,서빙고역,k0203,경의중앙선,37.51961,126.988358,서울시 용산구 서빙고로 238(서빙고동 241-11)
249,신정네거리,S1102,서울 도시철도 2호선,37.51999688,126.8528986,서울특별시 양천구 중앙로 지하 261 (신정동)
215,잠실나루,S1102,서울 도시철도 2호선,37.52054808,127.1036977,서울특별시 송파구 오금로 20 (신천동)
2527,여의도,S1105,서울 도시철도 5호선,37.52165166,126.9242291,서울특별시 영등포구 여의나루로 지하40 (여의도동)
430,이촌,S1104,서울 도시철도 4호선,37.52234094,126.9741382,서울특별시 용산구 용산동5가 17
111,이촌역,k0205,경의중앙선,37.522476,126.973816,서울시 용산구 이촌로 71길 42
2525,영등포시장,S1105,서울 도시철도 5호선,37.52274531,126.9047596,서울특별시 영등포구 양산로 지하200 (영등포동5가)
2522,오목교,S1105,서울 도시철도 5호선,37.52436614,126.8750582,서울특별시 양천구 오목로 지하342 (목동)
3211,가정(루원시티),S2802,인천지하철 2호선,37.524805,126.675387,인천광역시 서구 봉오대로 234 (가정동)
2520,신정,S1105,서울 도시철도 5호선,37.52501081,126.8562294,서울특별시 양천구 오목로 지하179 (신정동)
236,영등포구청,S1102,서울 도시철도 2호선,37.52524847,126.8958333,서울특별시 영등포구 당산로 지하 121 (당산동3가)
2524,영등포구청,S1105,서울 도시철도 5호선,37.52524847,126.8958333,서울특별시 영등포구 당산로 지하 121 (당산동3가)
2523,양평,S1105,서울 도시철도 5호선,37.52558457,126.8862032,서울특별시 영등포구 양산로 지하21(양평동2가)
2521,목동,S1105,서울 도시철도 5호선,37.52586671,126.8645757,서울특별시 양천구 오목로 지하245 (목동)
131,신원역,k0212,경의중앙선,37.525921,127.372745,경기도 양평군 양서면 신원역길 5-3
326,압구정,S1103,서울 도시철도 3호선,37.52668639,127.0283697,서울특별시 강남구 압구정로 지하 172 (신사동)
2528,여의나루,S1105,서울 도시철도 5호선,37.52707204,126.9328665,서울특별시 영등포구 여의동로 지하343 (여의도동)
212,압구정로데오역,k0304,분당선,37.527385,127.040555,서울시 강남구 압구정동 495(강남구 압구정로 지하 402)
2555,둔촌동,S1105,서울 도시철도 5호선,37.52774726,127.136296,서울특별시 강동구 양재대로 지하1369 (둔촌동)
429,신용산,S1104,서울 도시철도 4호선,37.5292129,126.9677003,서울특별시 용산구 한강대로 지하 112 (한강로2가)
113,한남역,k0205,경의중앙선,37.529361,127.008984,서울시 용산구 독서당로6길 12-13(한남동)
4138,중앙보훈병원,S1109,서울 도시철도 9호선,37.52961418,127.142757,서울특별시 강동구 명일로 117
135,용산역,k0201,경부선,37.52989,126.964775,서울시 용산구 한강대로 23길 55(한강로 3가 40-999)
3116,작전,S2801,인천지하철 1호선,37.530271,126.722548,인천광역시 계양구 게양대로 73
2813,강동구청,S1108,서울 도시철도 8호선,37.53047081,127.1202691,서울특별시 강동구 올림픽로 지하550 (성내동)
2730,뚝섬유원지,S1107,서울 도시철도 7호선,37.53125616,127.0666673,서울특별시 광진구 능동로 10 (자양동)
200,까치산,S1102,서울 도시철도 2호선,37.53168373,126.8467432,서울특별시 강서구 강서로 지하54(화곡동)
2519,까치산,S1105,서울 도시철도 5호선,37.53168373,126.8467432,서울특별시 강서구 강서로 지하54(화곡동)
237,당산,S1102,서울 도시철도 2호선,37.53425753,126.9024241,서울특별시 영등포구 당산로 229 (당산동 6가)
2631,이태원,S1106,서울 도시철도 6호선,37.53449861,126.994038,서울특별시 용산구 이태원로 지하177(이태원동)
2630,녹사평,S1106,서울 도시철도 6호선,37.53464201,126.9867518,서울특별시 용산구 녹사평대로 지하195 (용산동4가)
2629,삼각지,S1106,서울 도시철도 6호선,37.53471155,126.9733777,서울특별시 용산구 한강대로 지하 180 (한강로1가)
428,삼각지,S1104,서울 도시철도 4호선,37.53475857,126.9734308,서울특별시 용산구 한강대로 지하 180 (한강로1가)
214,강변,S1102,서울 도시철도 2호선,37.53487706,127.0946944,서울특별시 광진구 강변역로 53 (구의동)
2549,강동,S1105,서울 도시철도 5호선,37.53587886,127.132079,서울특별시 강동구 천호대로 지하1097 (천호동)
213,구의,S1102,서울 도시철도 2호선,37.53691864,127.0857297,서울특별시 광진구 아차산로 384-1 (구의동)
2550,길동,S1105,서울 도시철도 5호선,37.53794494,127.1400433,서울특별시 강동구 양재대로 지하1480 (길동)
3115,경인교대입구,S2801,인천지하철 1호선,37.538272,126.722603,인천광역시 계양구 계양대로 162
2548,천호,S1105,서울 도시철도 5호선,37.53842355,127.1236234,서울특별시 강동구 천호대로 지하997 (천호동)
2812,천호,S1108,서울 도시철도 8호선,37.53842355,127.1236234,서울특별시 강동구 천호대로 지하997 (천호동)
311,효창공원앞역,k2031,경의중앙선,37.539289,126.961339,서울시 용산구 용문동 5-133
2628,효창공원앞,S1106,서울 도시철도 6호선,37.539542,126.961371,서울특별시 용산구 백범로 지하287 (효창동)
2529,마포,S1105,서울 도시철도 5호선,37.53956668,126.9457536,서울특별시 마포구 마포대로 지하33 (도화동)
2632,한강진,S1106,서울 도시철도 6호선,37.53974445,127.0014826,서울특별시 용산구 이태원로 지하287 (한남동)
558,하남검단산,S1105,서울 도시철도 5호선,37.53982608,127.2245235,경기도 하남시 대청로 지하100 (창우동)
114,옥수역,k0205,경의중앙선,37.540514,127.018698,서울시 성동구 동호로 지하21(옥수동)
134,남영역,k0201,경부선,37.540597,126.971171,서울시 용산구 한강대로 77길 25(갈월동)
212,건대입구,S1102,서울 도시철도 2호선,37.54060889,127.0700628,서울특별시 광진구 아차산로 243 (화양동)
2729,건대입구,S1107,서울 도시철도 7호선,37.54060889,127.0698628,서울특별시 광진구 능동로110(화양동6-3)
325,옥수,S1103,서울 도시철도 3호선,37.5414877,127.0177608,서울특별시 성동구 동호로 21 (옥수동) 옥수역
2518,화곡,S1105,서울 도시철도 5호선,37.54175707,126.8402952,서울특별시 강서구 화곡로 지하168 (화곡동)
557,하남시청역,S1105,서울 도시철도 5호선,37.54215108,127.2062388,경기도 하남시 하남대로 지하820 (신장동)
312,공덕역,k0203,경의중앙선,37.542611,126.952134,서울시 마포구 공덕동 마포대로 자하100
3114,계산,S2801,인천지하철 1호선,37.543243,126.728436,인천광역시 계양구 경명대로 1089
2627,공덕,S1106,서울 도시철도 6호선,37.54354807,126.9518977,서울특별시 마포구 백범로 지하 200(공덕동)
211,서울숲역,k0304,분당선,37.543647,127.044686,서울시 성동구 왕십리로 지하 77
3210,서구청,S2802,인천지하철 2호선,37.543839,126.676795,인천광역시 서구 서곶로 294 (심곡동)
2530,공덕,S1105,서울 도시철도 5호선,37.54412449,126.9513584,서울특별시 마포구 마포대로 지하100(공덕동)
211,성수,S1102,서울 도시철도 2호선,37.5444338,127.0559893,서울특별시 성동구 아차산로 100 (성수동2가)
427,숙대입구,S1104,서울 도시철도 4호선,37.54467788,126.9719943,서울특별시 용산구 한강대로 지하 306
2547,광나루,S1105,서울 도시철도 5호선,37.5450481,127.1035121,서울특별시 광진구 아차산로 지하571 (광장동)
3113,임학,S2801,인천지하철 1호선,37.545058,126.738642,인천광역시 계양구 장제로 875
2551,굽은다리,S1105,서울 도시철도 5호선,37.54537927,127.1428116,서울특별시 강동구 양재대로 지하1572 (명일동)
130,양수역,k0212,경의중앙선,37.545998,127.328948,경기도 양평군 양서면 목왕로 55-10
210,뚝섬,S1102,서울 도시철도 2호선,37.54712239,127.0473648,서울특별시 성동구 아차산로 18 (성수동1가)
128,팔당역,k0212,경의중앙선,37.547321,127.243896,경기도 남양주시 와부읍 팔당로 107번길
2625,광흥창,S1106,서울 도시철도 6호선,37.54746977,126.9318177,서울특별시 마포구 독막로 지하 165
2626,대흥,S1106,서울 도시철도 6호선,37.54766489,126.9422206,서울특별시 마포구 대흥로 지하 85
2624,상수,S1106,서울 도시철도 6호선,37.54776978,126.9225838,서울특별시 마포구 독막로 지하85 (상수동)
2728,어린이대공원,S1107,서울 도시철도 7호선,37.54780394,127.0745637,서울특별시 광진구 능동로 지하210(화양동)
324,금호,S1103,서울 도시철도 3호선,37.54800401,127.0156615,서울특별시 성동구 동호로 지하 104 (금호동4가)
2633,버티고개,S1106,서울 도시철도 6호선,37.54806951,127.0066086,서울특별시 중구 다산로 지하38 (신당동)
2517,우장산,S1105,서울 도시철도 5호선,37.54886035,126.8363531,서울특별시 강서구 강서로 지하262 (화곡동)
238,합정,S1102,서울 도시철도 2호선,37.54959888,126.9141239,서울특별시 마포구 양화로 지하 55 (서교동)
2623,합정,S1106,서울 도시철도 6호선,37.54979888,126.9141239,서울특별시 마포구 양화로 지하 45
2811,암사,S1108,서울 도시철도 8호선,37.54997529,127.1274183,서울특별시 강동구 올림픽로 지하776 (암사동)
115,응봉역,k0205,경의중앙선,37.550433,127.034824,서울시 성동구 고산자로 123(응봉동)
556,하남풍산역,S1105,서울 도시철도 5호선,37.5512453,127.2031234,경기도 하남시 덕풍서로 지하 50
3209,아시아드경기장,S2802,인천지하철 2호선,37.551373,126.677075,인천광역시 서구 서곶로 382 (연희동)
2552,명일,S1105,서울 도시철도 5호선,37.55149734,127.1439883,서울특별시 강동구 양재대로 지하1632 (명일동)
2546,아차산,S1105,서울 도시철도 5호선,37.55203633,127.0896015,서울특별시 광진구 천호대로 지하657
313,서강대역,k0203,경의중앙선,37.552132,126.935389,서울시 마포구 서강로 지하118
3112,박촌,S2801,인천지하철 1호선,37.553525,126.744946,인천광역시 계양구 장제로 992
2531,애오개,S1105,서울 도시철도 5호선,37.5535295,126.956632,서울특별시 마포구 마포대로 지하210 (아현동)
426,서울역,S1104,서울 도시철도 4호선,37.55356539,126.9724996,서울특별시 용산구 한강대로 지하 392(동자동)
2634,약수,S1106,서울 도시철도 6호선,37.5542519,127.0104682,서울특별시 중구 다산로 지하 155 (신당동)
2539,신금호,S1105,서울 도시철도 5호선,37.55440938,127.0205515,서울특별시 성동구 금호로 지하154 (금호동2가)
323,약수,S1103,서울 도시철도 3호선,37.5544519,127.0104682,서울특별시 중구 다산로 지하 122 (신당동)
129,운길산역,k0212,경의중앙선,37.554659,127.310089,경기도 남양주시 조안면 진중리 255-1
313,서울역(경의선),k0203,경의중앙선,37.554713,126.970787,서울시 용산구 한강대로 405
2553,고덕,S1105,서울 도시철도 5호선,37.55503473,127.1540785,서울특별시 강동구 고덕로 지하253 (고덕동)
209,한양대,S1102,서울 도시철도 2호선,37.55522179,127.0434917,서울특별시 성동구 왕십리로 206 (행당동)
240,신촌,S1102,서울 도시철도 2호선,37.555342,126.9368826,서울특별시 마포구 신촌로 지하 90 (노고산동)
150,서울역,S1101,서울 도시철도 1호선,37.55575305,126.9724563,서울특별시 중구 세종대로 지하 2 (남대문로 5가)
2622,망원,S1106,서울 도시철도 6호선,37.55594386,126.9098166,서울특별시 마포구 월드컵로 지하77 (망원동)
2554,상일동,S1105,서울 도시철도 5호선,37.55658759,127.1652632,서울특별시 강동구 고덕로 지하359 (상일동)
241,이대,S1102,서울 도시철도 2호선,37.55672128,126.945801,서울특별시 마포구 신촌로 지하 180 (염리동)
239,홍대입구,S1102,서울 도시철도 2호선,37.55701523,126.9249829,서울특별시 마포구 양화로 지하160 (동교동)
2545,군자,S1105,서울 도시철도 5호선,37.55713392,127.079433,서울특별시 광진구 천호대로 지하550
2727,군자,S1107,서울 도시철도 7호선,37.55713392,127.079433,서울특별시 광진구 천호대로 지하550
242,아현,S1102,서울 도시철도 2호선,37.55721977,126.9561295,서울특별시 마포구 신촌로 지하 270 (아현동)
2540,행당,S1105,서울 도시철도 5호선,37.55754312,127.0296931,서울특별시 성동구 행당로 지하89 (행당동)
554,강일역,S1105,서울 도시철도 5호선,37.55765173,127.1756631,서울특별시 강동구 고덕로 지하 456 (강일동)
314,홍대입구역,k2031,경의중앙선,37.55808,126.925533,서울시 마포구 양화로 지하 188
2516,발산,S1105,서울 도시철도 5호선,37.55848385,126.837456,서울특별시 강서구 공항대로 지하267 (가양동)
425,회현,S1104,서울 도시철도 4호선,37.55851662,126.9781303,서울특별시 중구 퇴계로 지하 54 (남창동)
322,동대입구,S1103,서울 도시철도 3호선,37.55883276,127.0052813,서울특별시 중구 동호로 지하 256 (장충동2가)
314,신촌역,k0203,경의중앙선,37.559768,126.942308,서울특별시 서대문구 대현동 74-12
2538,청구,S1105,서울 도시철도 5호선,37.56021257,127.0137698,서울특별시 중구 청구로 지하77(신당동)
2635,청구,S1106,서울 도시철도 6호선,37.56021257,127.0135698,서울특별시 중구 청구로 지하77(신당동)
243,충정로,S1102,서울 도시철도 2호선,37.56022847,126.9634503,서울특별시 서대문구 서소문로 지하 17 (충정로3가)
2532,충정로,S1105,서울 도시철도 5호선,37.56022847,126.9636503,서울특별시 서대문구 충정로 28-1
2515,마곡,S1105,서울 도시철도 5호선,37.56025035,126.8248665,서울특별시 강서구 공항대로 지하163 (가양동)
424,명동,S1104,서울 도시철도 4호선,37.56075073,126.9862482,서울특별시 중구 퇴계로 지하 126 (충무로2가)
3208,검바위,S2802,인천지하철 2호선,37.561091,126.677529,인천광역시 서구 서곶로 492 (검암동)
116,왕십리역,k0205,경의중앙선,37.561128,127.035505,서울시 성동구 왕십리 광장로 17(행당동)
2514,송정,S1105,서울 도시철도 5호선,37.56115795,126.811792,서울특별시 강서구 공항대로 지하33 (공항동)
423,충무로,S1104,서울 도시철도 4호선,37.56120209,126.9943556,서울특별시 중구 퇴계로 지하 199 (필동2가)
321,충무로,S1103,서울 도시철도 3호선,37.56140209,126.9943556,서울특별시 중구 퇴계로 지하 199 (필동2가)
208,왕십리,S1102,서울 도시철도 2호선,37.56152516,127.0375076,서울특별시 성동구 왕십리로 지하300(행당동)
2544,장한평,S1105,서울 도시철도 5호선,37.56153057,127.0642826,서울특별시 동대문구 천호대로 지하405 (장안동)
2541,왕십리,S1105,서울 도시철도 5호선,37.56172516,127.0369076,서울특별시 성동구 왕십리로 지하300 (행당동)
244,용답,S1102,서울 도시철도 2호선,37.56183232,127.050871,서울특별시 성동구 용답길 86 (용답동)
2513,김포공항,S1105,서울 도시철도 5호선,37.5622601,126.8014703,서울특별시 강서구 하늘길 지하77 (방화동)
109,김포공항역,L4101,김포골드라인,37.56233524,126.8019511,서울특별시 강서구 하늘길77
555,미사역,S1105,서울 도시철도 5호선,37.5631234,127.1932345,경기도 하남시 미사강변동로 지하 90
2621,마포구청,S1106,서울 도시철도 6호선,37.56350657,126.9031935,서울특별시 마포구 월드컵로 지하190 (성산동)
207,상왕십리,S1102,서울 도시철도 2호선,37.56417104,127.0293524,서울특별시 성동구 왕십리로 지하 374 (하왕십리동)
201,시청,S1102,서울 도시철도 2호선,37.56461852,126.9760864,서울특별시 중구 세종대로 지하 101 (정동)
151,시청,S1101,서울 도시철도 1호선,37.56471664,126.9767513,서울특별시 중구 세종대로 지하 101 (정동)
205,동대문역사문화공원,S1102,서울 도시철도 2호선,37.56500251,127.007394,서울특별시 중구 을지로 지하 279 (을지로7가)
422,동대문역사문화공원,S1104,서울 도시철도 4호선,37.56507829,127.0071679,서울특별시 중구 장충단로 지하 230 (광희동 2가)
2537,동대문역사문화공원,S1105,서울 도시철도 5호선,37.56507829,127.0071679,서울특별시 중구 을지로 지하 279 (을지로7가)
2726,중곡,S1107,서울 도시철도 7호선,37.56568111,127.0841504,서울특별시 광진구 능동로 지하417 (중곡동)
2533,서대문,S1105,서울 도시철도 5호선,37.56573781,126.9665864,서울특별시 종로구 통일로 지하126 (평동)
206,신당,S1102,서울 도시철도 2호선,37.56582912,127.0181023,서울특별시 중구 퇴계로 지하 431-1 (신당동)
2636,신당,S1106,서울 도시철도 6호선,37.56582912,127.0181023,서울특별시 중구 퇴계로 지하 431-1 (신당동)
202,을지로입구,S1102,서울 도시철도 2호선,37.56597747,126.9825045,서울특별시 중구 을지로 지하 42 (을지로1가)
2542,마장,S1105,서울 도시철도 5호선,37.56620675,127.0429769,서울특별시 성동구 마장로 지하296 (마장동)
203,을지로3가,S1102,서울 도시철도 2호선,37.56634826,126.991482,서울특별시 중구 을지로 지하 106 (을지로3가)
320,을지로3가,S1103,서울 도시철도 3호선,37.56634826,126.991482,서울특별시 중구 을지로 지하 106 (을지로3가)
3111,귤현,S2801,인천지하철 1호선,37.566362,126.742498,인천광역시 계양구 장제로 1136
204,을지로4가,S1102,서울 도시철도 2호선,37.56682797,126.9979016,서울특별시 중구 을지로 지하 178 (을지로4가)
2543,답십리,S1105,서울 도시철도 5호선,37.56690598,127.0524701,서울특별시 성동구 천호대로 지하300(용답동)
2536,을지로4가,S1105,서울 도시철도 5호선,37.56702797,126.9979016,서울특별시 중구 을지로 지하 178 (을지로4가)
315,가좌역,k0203,경의중앙선,37.568611,126.914841,서울시 서대문구 수색로 27(남가좌동)
3207,검암,S2802,인천지하철 2호선,37.568611,126.671221,인천광역시 서구 검바위로 4 (검암동)
2620,월드컵경기장,S1106,서울 도시철도 6호선,37.56938269,126.8990612,서울특별시 마포구 월드컵로 지하240 (성산동)
245,신답,S1102,서울 도시철도 2호선,37.56961893,127.0468598,서울특별시 성동구 천호대로 232 (용답동)
152,종각,S1101,서울 도시철도 1호선,37.57020349,126.9829483,서울특별시 종로구 종로 지하 55 (종로1가)
2534,광화문,S1105,서울 도시철도 5호선,37.5708165,126.9762129,서울특별시 종로구 세종대로 지하172 (세종로)
421,동대문,S1104,서울 도시철도 4호선,37.57089132,127.0101189,서울특별시 종로구 율곡로 308
154,종로5가,S1101,서울 도시철도 1호선,37.57100685,127.001799,서울특별시 종로구 종로 지하 216  (종로5가)
155,동대문,S1101,서울 도시철도 1호선,37.57129132,127.0101189,서울특별시 종로구 종로 지하 302 (창신동)
153,종로3가,S1101,서울 도시철도 1호선,37.57139366,126.9914115,서울특별시 종로구 종로 지하 129 (종로3가)
319,종로3가,S1103,서울 도시철도 3호선,37.57139366,126.9914115,서울특별시 종로구 종로 지하 129 (종로3가)
2535,종로3가,S1105,서울 도시철도 5호선,37.57139366,126.9912115,서울특별시 종로구 종로 지하 129 (종로3가)
3110,계양,S2801,인천지하철 1호선,37.571539,126.736319,인천광역시 계양구 다남로 24
2637,동묘앞,S1106,서울 도시철도 6호선,37.57226031,127.0158732,서울특별시 종로구 종로 359 (숭인동)
2512,개화산,S1105,서울 도시철도 5호선,37.57231242,126.8062885,서울특별시 강서구 양천로 22(방화동)
159,동묘앞,S1101,서울 도시철도 1호선,37.57253741,127.0155932,서울특별시 종로구 종로 359 (숭인동)
2725,용마산,S1107,서울 도시철도 7호선,37.5736549,127.0865586,서울특별시 중랑구 용마산로 지하227(면목동)
250,용두,S1102,서울 도시철도 2호선,37.57389197,127.0379098,서울특별시 동대문구 천호대로 지하 129
316,독립문,S1103,서울 도시철도 3호선,37.57448506,126.9578508,서울특별시 서대문구 통일로 지하 247 (현저동)
246,신설동,S1102,서울 도시철도 2호선,37.57519632,127.0248584,서울특별시 동대문구 왕산로 지하 1 (신설동)
156,신설동,S1101,서울 도시철도 1호선,37.57528723,127.0249104,서울특별시 동대문구 왕산로 지하 1 (신설동)
317,경복궁,S1103,서울 도시철도 3호선,37.57560542,126.9734832,서울특별시 종로구 사직로 지하 130 (적선동)
2619,디지털미디어시티,S1106,서울 도시철도 6호선,37.57663026,126.8996845,서울특별시 은평구 수색로 지하175 (증산동)
318,안국,S1103,서울 도시철도 3호선,37.57666379,126.9854787,서울특별시 종로구 율곡로 지하 62 (안국동)
2511,방화,S1105,서울 도시철도 5호선,37.57729066,126.8127115,서울특별시 강서구 금낭화로 지하132 (방화동)
316,디지털미디어시티역,k0203,경의중앙선,37.577964,126.900421,서울시 은평구 수색로 193(수색동 37-2)
157,제기동,S1101,서울 도시철도 1호선,37.57812027,127.0344966,서울특별시 동대문구 왕산로 지하 93 (제기동)
2638,창신,S1106,서울 도시철도 6호선,37.57934562,127.0151078,서울특별시 종로구 지봉로 지하112 (창신동)
127,도심역,k0212,경의중앙선,37.579628,127.222798,경기도 남양주시 와부읍 덕소로 237(도곡리 1024-2)
158,청량리,S1101,서울 도시철도 1호선,37.5801441,127.0457768,서울특별시 동대문구 왕산로 지하 205(전농동)
117,청량리역,k0205,경의중앙선,37.580543,127.046516,서울시 동대문구 왕산로 214
317,수색역,k0203,경의중앙선,37.580855,126.895681,서울시 은평구 수색로 261-1
2724,사가정,S1107,서울 도시철도 7호선,37.58101455,127.0884688,서울특별시 중랑구 사가정로 지하393 (면목동)
315,무악재,S1103,서울 도시철도 3호선,37.58211864,126.9501814,서울특별시 서대문구 통일로 지하 361 (홍제동)
420,혜화,S1104,서울 도시철도 4호선,37.58228892,127.0016857,서울특별시 종로구 대학로 지하 120 (동숭동)
2618,증산,S1106,서울 도시철도 6호선,37.58375597,126.9094115,서울특별시 은평구 증산로 지하306(증산동)
3206,독정,S2802,인천지하철 2호선,37.584927,126.675981,인천광역시 서구 서곶로 760 (백석동)
2639,보문,S1106,서울 도시철도 6호선,37.58543035,127.0192192,서울특별시 성북구 보문로 지하116 (보문동1가)
2640,안암,S1106,서울 도시철도 6호선,37.58623045,127.0292203,서울특별시 성북구 고려대로 지하89 (안암동5가)
126,덕소역,k0212,경의중앙선,37.586892,127.208835,경기도 남양주시 와부읍 덕서로 56(덕소리 590-17)
419,한성대입구,S1104,서울 도시철도 4호선,37.58838493,127.0059994,서울특별시 성북구 삼선교로 지하1 (삼선동1가)
314,홍제,S1103,서울 도시철도 3호선,37.58852355,126.944165,서울특별시 서대문구 통일로 지하 440-1 (홍제동)
2723,면목,S1107,서울 도시철도 7호선,37.58852412,127.0874251,"서울특별시 중랑구 면목로 지하407(면목동,면목역)"
123,회기역,k0205,경원선,37.589802,127.057936,서울시 동대문구 회기로196(휘경동 317-101)
2641,고려대,S1106,서울 도시철도 6호선,37.59033908,127.0358642,서울특별시 성북구 종암로 지하1 (종암동)
2617,새절,S1106,서울 도시철도 6호선,37.59099413,126.9136601,서울특별시 은평구 증산로 지하400 (신사동
3202,왕길,S2802,인천지하철 2호선,37.592191,126.642284,인천광역시 서구 검단로 323 (왕길동)
418,성신여대입구,S1104,서울 도시철도 4호선,37.5927377,127.0163071,서울특별시 성북구 동소문로 지하 102 (동선동4가)
3205,완정,S2802,인천지하철 2호선,37.592867,126.672961,인천광역시 서구 원당대로 650 (당하동)
119,중랑역,k0212,경의중앙선,37.594948,127.076152,서울특별시 중랑구 중화동 321-37
3201,검단오류,S2802,인천지하철 2호선,37.595162,126.629206,인천광역시 서구 검단로 187 (오류동)
120,상봉역,k0212,경의중앙선,37.595254,127.085853,서울시 중랑구 망우로 297(상봉1동 100-9번지)
2722,상봉,S1107,서울 도시철도 7호선,37.59608092,127.0853862,서울특별시 중랑구 망우로 지하 297
122,외대앞역,k0205,경원선,37.596157,127.063572,서울시 동대문구 휘경로 27(이문동 360-5)
3204,마전,S2802,인천지하철 2호선,37.597756,126.667195,인천광역시 서구 완정로 68 (마전동)
2611,응암,S1106,서울 도시철도 6호선,37.59853005,126.9155088,서울특별시 은평구 증산로 지하477 (역촌동)
121,망우역,k0212,경의중앙선,37.599288,127.092318,서울시 중랑구 망우로 55길 11-10
313,녹번,S1103,서울 도시철도 3호선,37.60085525,126.935753,서울특별시 은평구 통일로 지하 602-1 (녹번동)
108,고촌역,L4101,김포골드라인,37.60121656,126.7703242,경기도 김포시 고촌읍 김포대로350
3203,검단사거리,S2802,인천지하철 2호선,37.601693,126.656545,인천광역시 서구 검단로 473 (왕길동)
121,신이문역,k0205,경원선,37.601829,127.067347,서울시 동대문구 한천로 472(이문로 7)
2642,월곡,S1106,서울 도시철도 6호선,37.6020753,127.0414221,서울특별시 성북구 월곡로 지하107 (하월곡동)
2721,중화,S1107,서울 도시철도 7호선,37.60251645,127.079253,서울특별시 중랑구 동일로 지하797 (중화동)
417,길음,S1104,서울 도시철도 4호선,37.6035085,127.0249611,서울특별시 성북구 동소문로 지하 248 (길음동)
125,양정역,k0212,경의중앙선,37.604269,127.194602,경기도 남양주시 경강로 237(이패동 398-32)
2612,역촌,S1106,서울 도시철도 6호선,37.60625985,126.9227732,서울특별시 은평구 서오릉로 지하63 (녹번동)
2643,상월곡,S1106,서울 도시철도 6호선,37.60632242,127.0485887,서울특별시 성북구 화랑로 지하157 (상월곡동)
124,도농역,k0212,경의중앙선,37.608756,127.161105,경기도 남양주시 경춘로 433(도농동 56-1)
312,불광,S1103,서울 도시철도 3호선,37.61013354,126.9296281,"서울특별시 은평구 통일로 지하 723-1 (대조동, 3호선 불광역)"
2613,불광,S1106,서울 도시철도 6호선,37.61033354,126.9298281,서울특별시 은평구 통일로 지하 723-1 (대조동)
2644,돌곶이,S1106,서울 도시철도 6호선,37.61052771,127.0564482,서울특별시 성북구 화랑로 지하243 (석관동)
2720,먹골,S1107,서울 도시철도 7호선,37.61073429,127.0775891,서울특별시 중랑구 동일로 지하901 (묵동)
2616,구산,S1106,서울 도시철도 6호선,37.61125852,126.9171923,서울특별시 은평구 연서로 지하137-1(구산동)
320,행신역,k0203,경의중앙선,37.612125,126.834063,경기도 고양시 덕양구 행신동 충경로 124번지(행신2동 812)
107,풍무역,L4101,김포골드라인,37.61243514,126.7324441,경기도 김포시 김포대로710
319,강매역,k0203,경의중앙선,37.612596,126.845437,경기도 고양시 덕양구 행신동 108-5
2649,신내,S1106,서울 도시철도 6호선,37.61264135,127.103395,서울특별시 중랑구 용마산로136길 33
122,신내역,k0210,경춘선,37.612855,127.103277,서울시 중랑구 망우동 320
416,미아사거리,S1104,서울 도시철도 4호선,37.61325241,127.0298981,서울특별시 강북구 도봉로 지하 50 (미아동)
2645,석계,S1106,서울 도시철도 6호선,37.61498323,127.0655612,서울특별시 노원구 화랑로 지하347-1 (월계동)
120,석계역,k0205,경원선,37.615206,127.065594,서울시 노원구 화랑로 314(월계동 36-4)
2648,봉화산,S1106,서울 도시철도 6호선,37.61747193,127.0910857,서울특별시 중랑구 신내로 지하232 (신내동)
2646,태릉입구,S1106,서울 도시철도 6호선,37.61796533,127.0748937,서울특별시 노원구 동일로 지하992-1 (공릉동)
2719,태릉입구,S1107,서울 도시철도 7호선,37.61816533,127.0746937,서울특별시 노원구 동일로 지하992-1 (공릉동)
2614,독바위,S1106,서울 도시철도 6호선,37.61844071,126.9329961,서울특별시 은평구 불광로 지하129-1 (불광동)
321,능곡역,k0203,경의중앙선,37.618741,126.820845,경기도 고양시 덕양구 토당로 35(토당동 454-3)
311,연신내,S1103,서울 도시철도 3호선,37.61881292,126.9208158,서울특별시 은평구 통일로 지하 849 (갈현동)
2615,연신내,S1106,서울 도시철도 6호선,37.61881292,126.9206158,서울특별시 은평구 통일로 지하 849 (갈현동)
2647,화랑대,S1106,서울 도시철도 6호선,37.62013061,127.0844264,서울특별시 노원구 화랑로 지하510
106,사우(김포시청)역,L4101,김포골드라인,37.62035224,126.7196954,경기도 김포시 김포대로852
119,광운대역,k0205,경원선,37.623635,127.061975,서울시 노원구 석계로 98-2(광운대역)
2718,공릉,S1107,서울 도시철도 7호선,37.62551321,127.0728236,서울특별시 노원구 동일로 지하1074
415,미아,S1104,서울 도시철도 4호선,37.62657144,127.0258287,서울특별시 강북구 도봉로 지하 198 (미아동)
322,대곡역,k0203,경의중앙선,37.631629,126.811025,경기도 고양시 덕양구 대주로 107번길 71-81(대장동 420-1)
105,걸포북변역,L4101,김포골드라인,37.63164148,126.705778,경기도 김포시 김포대로1040
118,월계역,k0205,경원선,37.633114,127.058835,서울시 노원구 월계로 53길 40(월계2동 261)
123,갈매역,k0210,경춘선,37.634135,127.114803,경기도 구리시 갈매동 경춘북로 229(갈매동 502-18)
2717,하계,S1107,서울 도시철도 7호선,37.63642687,127.0678149,서울특별시 노원구 동일로 지하1196(하계동)
310,구파발,S1103,서울 도시철도 3호선,37.63664912,126.9187832,서울특별시 은평구 진관2로 지하 15-25 (진관동)
127,금곡역,k0210,경춘선,37.637414,127.207931,경기도 남양주시 경춘로 903(금곡동 404-276)
318,화전역,k0203,경의중앙선,37.637837,126.832503,경기도 고양시 덕양구 화랑로 53(화전동 183-10)
315,화정역,k0305,일산선,37.637837,126.832503,경기도 고양시 덕양구 화정동 400-2
414,수유,S1104,서울 도시철도 4호선,37.63796529,127.0254433,서울특별시 강북구 도봉로 지하 50 (미아동)
102,마산역,L4101,김포골드라인,37.64060947,126.6440072,경기도 김포시 김포한강3로442
100,양촌역,L4101,김포골드라인,37.64179203,126.6146219,경기도 김포시 양촌읍 양촌역길 107
124,별내역,k0210,경춘선,37.642221,127.127208,경기도 남양주시 별내동 182-5
313,백석역,k0305,일산선,37.642973,126.788109,경기도 고양시 일산동구 중앙로 1042
103,장기역,L4101,김포골드라인,37.64405889,126.6690798,경기도 김포시 김포한강1로59
117,녹천역,k0205,경원선,37.644599,127.051406,서울시 도봉구 덕릉로 376(창동)
2716,중계,S1107,서울 도시철도 7호선,37.64521691,127.0640831,서울특별시 노원구 동일로 지하1308-1 (중계동)
101,구래역,L4101,김포골드라인,37.6453934,126.628576,경기도 김포시 김포한강7로87
323,곡산역,k0203,경의중앙선,37.645729,126.801877,경기도 고양시 일산동구 경의로 160(백석동)
309,지축,S1103,서울 도시철도 3호선,37.64793834,126.9137407,경기도 고양시 덕양구 삼송로 300 (지축동)
319,지축역,k0305,일산선,37.648114,126.913746,경기도 고양시 덕양구 삼송로 300(지축동)
125,퇴계원역,k0210,경춘선,37.648316,127.143858,경기도 남양주시 퇴계원면 경춘북로 545(퇴계원리 218-8)
413,쌍문,S1104,서울 도시철도 4호선,37.64853159,127.0345002,서울특별시 도봉구 도봉로 지하 486-1 (창동)
317,원흥역,k0305,일산선,37.650709,126.873239,경기도 고양시 덕양구 원흥동 569-15
126,사릉역,k0210,경춘선,37.651145,127.176839,경기도 남양주시 진건읍 진건우회로 72-8(사능리 590-2)
312,마두역,k0305,일산선,37.652185,126.777641,경기도 고양시 일산동구 중앙로 지하 1180(마두동)
130,마석역,k0210,경춘선,37.652328,127.311713,경기도 남양주시 화도읍 마석중앙로 83-14(마석우리 222-2)
318,삼송역,k0305,일산선,37.653096,126.895559,경기도 고양시 덕양구 삼송로 205번길(삼송동 20-14)
316,원당역,k0305,일산선,37.653103,126.842891,경기도 고양시 덕양구 덕양대로 1429(성사1동 4100-7)
412,창동,S1104,서울 도시철도 4호선,37.65312232,127.0476886,서울특별시 도봉구 마들로 11길 77 (창동)
116,창동역,k0205,경원선,37.653181,127.047663,서울시 도봉구 마들로 11길 77(창1동 135-86)
128,평내호평역,k0210,경춘선,37.653229,127.244452,경기도 남양주시 경춘로 1375(평내동 156)
104,운양역,L4101,김포골드라인,37.65376915,126.6838479,경기도 김포시 김포한강1로235
2715,노원,S1107,서울 도시철도 7호선,37.65496036,127.0620053,서울특별시 노원구 상계로 69-1 (상계동)
411,노원,S1104,서울 도시철도 4호선,37.6551493,127.0624948,서울특별시 노원구 상계로 69-1 (상계동)
324,백마역,k0203,경의중앙선,37.658346,126.794401,경기도 고양시 일산동구 경의로 318(풍동 482-8)
129,천마산역,k0210,경춘선,37.658995,127.285731,경기도 남양주시 화도읍 묵현리 320-25
311,정발산역,k0305,일산선,37.659709,126.773254,경기도 고양시 일산동구 마두 1동 1123(일산동구 중앙로 1270)
410,상계,S1104,서울 도시철도 4호선,37.66090497,127.0731287,서울특별시 노원구 상계로 182 (상계동)
2714,마들,S1107,서울 도시철도 7호선,37.66516233,127.0573337,서울특별시 노원구 동일로 지하1530-1 (상계동)
115,방학역,k0205,경원선,37.667471,127.044295,서울시 도봉구 도봉로 150다길 3
310,주엽역,k0305,일산선,37.670138,126.761232,경기도 고양시 일산서구 중앙로 1432(주엽동 166-7)
409,당고개,S1104,서울 도시철도 4호선,37.67032572,127.0789555,서울특별시 노원구 상계로 305 (상계동)
325,풍산역,k0203,경의중앙선,37.672173,126.786355,경기도 고양시 일산동구 경의로 486(풍동)
309,대화역,k0305,일산선,37.675883,126.747756,경기도 고양시 일산서구 중앙로 1569(대화동 2221)
2713,수락산,S1107,서울 도시철도 7호선,37.67791554,127.0552343,서울특별시 노원구 동일로 지하1662 (상계동)
114,도봉역,k0205,경원선,37.679441,127.045521,서울시 도봉구 도봉로 170길 2
326,일산역,k0203,경의중앙선,37.682231,126.769521,경기도 고양시 일산서구 경의로 672
131,대성리역,k0210,경춘선,37.683909,127.379165,경기도 가평군 청평면 경춘로 88(대성리 393)
2712,도봉산,S1107,서울 도시철도 7호선,37.68923188,127.0461005,서울특별시 도봉구 도봉로 964-40 (도봉동)
113,도봉산역,k0205,경원선,37.689603,127.046347,서울시 도봉구 도봉로 964-33
327,탄현역,k0203,경의중앙선,37.694114,126.761075,경기도 고양시 일산서구 경의로 856(덕이동)
2711,장암,S1107,서울 도시철도 7호선,37.69984712,127.0527785,경기도 의정부시 동일로 121 (장암동)
112,망월사역,k0205,경원선,37.710499,127.047361,경기도 의정부시 회룡로 111(호원동)
328,야당역,k0203,경의중앙선,37.712749,126.761535,경기도 파주시 야당동 836번지
111,회룡역,k0205,경원선,37.724037,127.047319,경기도 의정부시 평화로 363
U111,회룡,L4101,의정부경전철,37.7250156,127.0471082,경기도 의정부시 평화로 363
U111,회룡,L4101,의정부경전철,37.7250156,127.0471082,경기도 의정부시 평화로 363
329,운정역,k0203,경의중앙선,37.725441,126.767076,경기도 파주시 운정역길 368(야당동 299-4번지)
U110,발곡,L4101,의정부경전철,37.7269917,127.0529098,경기도 의정부시 장곡로 258
U110,발곡,L4101,의정부경전철,37.7269917,127.0529098,경기도 의정부시 장곡로 258
U112,범골,L4101,의정부경전철,37.728796,127.0436639,경기도 의정부시 신흥로 141
U112,범골,L4101,의정부경전철,37.728796,127.0436639,경기도 의정부시 신흥로 141
U125,탑석,L4101,의정부경전철,37.7334668,127.0889285,경기도 의정부시 충의로 20
U125,탑석,L4101,의정부경전철,37.7334668,127.0889285,경기도 의정부시 충의로 20
132,청평역,k0210,경춘선,37.735484,127.426541,경기도 가평군 청평면 청평역로 97-33(청평리 125-1)
U124,송산,L4101,의정부경전철,37.737262,127.0872261,경기도 의정부시 충의로 59
U124,송산,L4101,의정부경전철,37.737262,127.0872261,경기도 의정부시 충의로 59
U113,경전철의정부,L4101,의정부경전철,37.7373859,127.043314,경기도 의정부시 신흥로 237
U113,경전철의정부,L4101,의정부경전철,37.7373859,127.043314,경기도 의정부시 신흥로 237
110,의정부역,k0205,경원선,37.73873,127.045891,경기도 의정부시 평화로 525
U114,의정부시청,L4101,의정부경전철,37.7392416,127.0348664,경기도 의정부시 의정로 69
U114,의정부시청,L4101,의정부경전철,37.7392416,127.0348664,경기도 의정부시 의정부로 69
U123,어룡,L4101,의정부경전철,37.7426961,127.0852263,경기도 의정부시 충의로 125
U123,어룡,L4101,의정부경전철,37.7426961,127.0852263,경기도 의정부시 충의로 125
U115,흥선,L4101,의정부경전철,37.7432842,127.0371212,경기도 의정부시 호국로 1197
U115,흥선,L4101,의정부경전철,37.7432842,127.0371212,경기도 의정부시 호국로 1197
U117,의정부중앙,L4101,의정부경전철,37.7436839,127.0496634,경기도 의정부시 호국로 1305
U117,의정부중앙,L4101,의정부경전철,37.7436839,127.0496634,경기도 의정부시 호국로 1305
U118,동오,L4101,의정부경전철,37.7452685,127.056979,경기도 의정부시 장곡로 471
U118,동오,L4101,의정부경전철,37.7452685,127.056979,경기도 의정부시 장곡로 471
109,가능역,k0205,경원선,37.748362,127.044251,경기도 의정부시 평화로 633
U119,새말,L4101,의정부경전철,37.7488688,127.0637846,경기도 의정부시 장곡로 551
U119,새말,L4101,의정부경전철,37.7488688,127.0637846,경기도 의정부시 장곡로 551
U122,곤제,L4101,의정부경전철,37.7505337,127.083846,경기도 의정부시 천보로 173
U122,곤제,L4101,의정부경전철,37.7505337,127.083846,경기도 의정부시 천보로 173
U120,경기도청북부청사,L4101,의정부경전철,37.7507731,127.0716075,경기도 의정부시 장곡로 615
U120,경기도청북부청사,L4101,의정부경전철,37.7507731,127.0716075,경기도 의정부시 장곡로 615
330,금릉역,k0203,경의중앙선,37.751295,126.765401,경기도 파주시 금촌동 금릉로 129
U121,효자,L4101,의정부경전철,37.7539992,127.0772808,경기도 의정부시 부용로 159-40
U121,효자,L4101,의정부경전철,37.7539992,127.0772808,경기도 의정부시 부용로 159-40
108,녹양역,k0205,경원선,37.759416,127.042272,경기도 의정부시 평화로 757(녹양동 973)
331,금촌역,k0203,경의중앙선,37.766106,126.774515,경기도 파주시 새꽃로 193
133,상천역,k0210,경춘선,37.770405,127.4542,경기도 가평군 청평면 상천역로 29(상천리 1261)
107,양주역,k0205,경원선,37.774281,127.044719,경기도 양주시 평화로 919(남방동 94-1)
333,월롱역,k0203,경의중앙선,37.796201,126.792574,경기도 파주시 월롱면 통일로 980
137,강촌역,k0210,경춘선,37.805728,127.634054,강원도 춘춘시 남산면 강촌로 150(방곡리 409)
134,가평역,k0210,경춘선,37.814515,127.510693,경기도 가평군 가평읍 문화로 13-42(달전리 567)
334,파주역,k0203,경의중앙선,37.815391,126.792426,경기도 파주시 파주읍 주라위길 38
138,김유정역,k0210,경춘선,37.818475,127.714302,강원도 춘천시 신동면 김유정로 1435(신동면 증리 859-3)
106,덕계역,k0205,경원선,37.818761,127.056676,경기도 양주시 고덕로 139번길 317번지
136,백양리역,k0210,경춘선,37.830881,127.589085,강원도 춘천시 남산면 북한강변길 690(강촌리 680-7)
135,굴봉산역,k0210,경춘선,37.832086,127.557732,강원도 춘천시 남산면 서백길 192(백양리 588-30)
105,덕정역,k0205,경원선,37.843216,127.061511,경기도 양주시 화합로 1356
335,문산역,k0203,경의중앙선,37.854565,126.787531,경기도 파주시 문산읍 문산역로 94
139,남춘천역,k0210,경춘선,37.864071,127.723761,강원도 춘천시 영서로 2260(퇴계동 633-2)
140,춘천역,k0210,경춘선,37.884391,127.716603,강원도 춘천시 평화로 1(근화동 190)
336,임진강역,k0203,경의중앙선,37.888364,126.746777,경기도 파주시 문산읍 임진각로 115(문산읍)
104,지행역,k0205,경원선,37.892361,127.055734,경기도 동두천시 평화로 2285(지행동)
103,동두천중앙역,k0205,경원선,37.901818,127.056528,경기도 동두천시 동두천로 228(생연동 682)
102,보산역,k0205,경원선,37.914268,127.057134,경기도 동두천시 평화로 2539(보산동)
101,동두천역,k0205,경원선,37.927569,127.054825,경기도 동두천시 평화로 2687(동두천동 245-210)
100,소요산역,k0205,경원선,37.948608,127.061007,경기도 동두천시 평화로 2925(상봉암동 126)
